{"docs_url":"/api-docs","json_url":"/api-docs.json","level":"info","message":"swagger_ui_started","service":"http_server","timestamp":"2026-03-08T08:59:16.328Z","yaml_url":"/api-docs.yaml"}
{"env":"development","level":"info","log_level":"debug","message":"http_server_started","port":8012,"service":"http_server","timestamp":"2026-03-08T08:59:16.336Z"}
{"level":"info","message":"grpc_server_started","port":10004,"service":"grpc_server","timestamp":"2026-03-08T08:59:16.343Z"}
{"level":"info","message":"rabbitmq_connected","service":"rabbitmq","timestamp":"2026-03-08T08:59:16.416Z"}
{"exchange":"refina_microservice","level":"info","message":"queue_bound","queue":"refina-analytics","routingKey":"wallet.*","service":"rabbitmq_consumer","timestamp":"2026-03-08T08:59:16.445Z"}
{"exchange":"refina_microservice","level":"info","message":"queue_bound","queue":"refina-analytics","routingKey":"transaction.*","service":"rabbitmq_consumer","timestamp":"2026-03-08T08:59:16.448Z"}
{"exchange":"refina_microservice","level":"info","message":"queue_bound","queue":"refina-analytics","routingKey":"investment.*","service":"rabbitmq_consumer","timestamp":"2026-03-08T08:59:16.450Z"}
{"bindings":["wallet.*","transaction.*","investment.*"],"exchange":"refina_microservice","level":"info","maxRetry":4,"message":"consumer_ready","queue":"refina-analytics","retryDelayMs":15000,"retryQueue":"refina-analytics.retry","service":"rabbitmq_consumer","timestamp":"2026-03-08T08:59:16.464Z"}
{"level":"info","message":"db_connected","service":"database","timestamp":"2026-03-08T08:59:17.848Z"}
{"error":"Connection closed: 320 (CONNECTION-FORCED) with message \"CONNECTION_FORCED - broker forced connection closure with reason 'shutdown'\"","level":"warn","message":"rabbitmq_disconnected","service":"rabbitmq","timestamp":"2026-03-08T09:09:31.580Z"}
{"level":"info","message":"shutdown_started","service":"main","timestamp":"2026-03-08T09:09:31.887Z"}
{"docs_url":"/api-docs","json_url":"/api-docs.json","level":"info","message":"swagger_ui_started","service":"http_server","timestamp":"2026-03-08T10:25:55.651Z","yaml_url":"/api-docs.yaml"}
{"env":"development","level":"info","log_level":"debug","message":"http_server_started","port":8012,"service":"http_server","timestamp":"2026-03-08T10:25:55.660Z"}
{"level":"info","message":"grpc_server_started","port":10004,"service":"grpc_server","timestamp":"2026-03-08T10:25:55.668Z"}
{"level":"info","message":"rabbitmq_connected","service":"rabbitmq","timestamp":"2026-03-08T10:25:55.905Z"}
{"exchange":"refina_microservice","level":"info","message":"queue_bound","queue":"refina-analytics","routingKey":"wallet.*","service":"rabbitmq_consumer","timestamp":"2026-03-08T10:25:55.938Z"}
{"exchange":"refina_microservice","level":"info","message":"queue_bound","queue":"refina-analytics","routingKey":"transaction.*","service":"rabbitmq_consumer","timestamp":"2026-03-08T10:25:55.941Z"}
{"exchange":"refina_microservice","level":"info","message":"queue_bound","queue":"refina-analytics","routingKey":"investment.*","service":"rabbitmq_consumer","timestamp":"2026-03-08T10:25:55.946Z"}
{"bindings":["wallet.*","transaction.*","investment.*"],"exchange":"refina_microservice","level":"info","maxRetry":4,"message":"consumer_ready","queue":"refina-analytics","retryDelayMs":15000,"retryQueue":"refina-analytics.retry","service":"rabbitmq_consumer","timestamp":"2026-03-08T10:25:55.975Z"}
{"level":"info","message":"db_connected","service":"database","timestamp":"2026-03-08T10:25:56.565Z"}
{"level":"info","message":"shutdown_started","service":"main","timestamp":"2026-03-08T10:25:57.800Z"}
{"level":"info","message":"grpc_server_shutdown","service":"grpc_server","timestamp":"2026-03-08T10:25:57.802Z"}
{"level":"warn","message":"channel_closed","service":"rabbitmq_consumer","timestamp":"2026-03-08T10:25:57.808Z"}
{"level":"info","message":"rabbitmq_connection_closed","service":"rabbitmq","timestamp":"2026-03-08T10:25:57.819Z"}
{"docs_url":"/api-docs","json_url":"/api-docs.json","level":"info","message":"swagger_ui_started","service":"http_server","timestamp":"2026-03-09T06:44:25.283Z","yaml_url":"/api-docs.yaml"}
{"env":"development","level":"info","log_level":"debug","message":"http_server_started","port":8012,"service":"http_server","timestamp":"2026-03-09T06:44:25.294Z"}
{"level":"info","message":"grpc_server_started","port":10004,"service":"grpc_server","timestamp":"2026-03-09T06:44:25.304Z"}
{"level":"info","message":"rabbitmq_connected","service":"rabbitmq","timestamp":"2026-03-09T06:44:25.353Z"}
{"exchange":"refina_microservice","level":"info","message":"queue_bound","queue":"refina-analytics","routingKey":"wallet.*","service":"rabbitmq_consumer","timestamp":"2026-03-09T06:44:25.370Z"}
{"exchange":"refina_microservice","level":"info","message":"queue_bound","queue":"refina-analytics","routingKey":"transaction.*","service":"rabbitmq_consumer","timestamp":"2026-03-09T06:44:25.374Z"}
{"exchange":"refina_microservice","level":"info","message":"queue_bound","queue":"refina-analytics","routingKey":"investment.*","service":"rabbitmq_consumer","timestamp":"2026-03-09T06:44:25.377Z"}
{"bindings":["wallet.*","transaction.*","investment.*"],"exchange":"refina_microservice","level":"info","maxRetry":4,"message":"consumer_ready","queue":"refina-analytics","retryDelayMs":15000,"retryQueue":"refina-analytics.retry","service":"rabbitmq_consumer","timestamp":"2026-03-09T06:44:25.390Z"}
{"level":"info","message":"db_connected","service":"database","timestamp":"2026-03-09T06:44:26.030Z"}
{"error":"Connection closed: 320 (CONNECTION-FORCED) with message \"CONNECTION_FORCED - broker forced connection closure with reason 'shutdown'\"","level":"warn","message":"rabbitmq_disconnected","service":"rabbitmq","timestamp":"2026-03-09T07:58:57.835Z"}
{"level":"info","message":"shutdown_started","service":"main","timestamp":"2026-03-09T07:58:58.135Z"}
{"docs_url":"/api-docs","json_url":"/api-docs.json","level":"info","message":"swagger_ui_started","service":"http_server","timestamp":"2026-03-15T05:20:59.971Z","yaml_url":"/api-docs.yaml"}
{"env":"development","level":"info","log_level":"debug","message":"http_server_started","port":8012,"service":"http_server","timestamp":"2026-03-15T05:20:59.977Z"}
{"level":"info","message":"grpc_server_started","port":10004,"service":"grpc_server","timestamp":"2026-03-15T05:20:59.990Z"}
{"level":"info","message":"rabbitmq_connected","service":"rabbitmq","timestamp":"2026-03-15T05:21:00.232Z"}
{"exchange":"refina_microservice","level":"info","message":"queue_bound","queue":"refina-analytics","routingKey":"wallet.*","service":"rabbitmq_consumer","timestamp":"2026-03-15T05:21:00.270Z"}
{"exchange":"refina_microservice","level":"info","message":"queue_bound","queue":"refina-analytics","routingKey":"transaction.*","service":"rabbitmq_consumer","timestamp":"2026-03-15T05:21:00.272Z"}
{"exchange":"refina_microservice","level":"info","message":"queue_bound","queue":"refina-analytics","routingKey":"investment.*","service":"rabbitmq_consumer","timestamp":"2026-03-15T05:21:00.275Z"}
{"bindings":["wallet.*","transaction.*","investment.*"],"exchange":"refina_microservice","level":"info","maxRetry":4,"message":"consumer_ready","queue":"refina-analytics","retryDelayMs":15000,"retryQueue":"refina-analytics.retry","service":"rabbitmq_consumer","timestamp":"2026-03-15T05:21:00.314Z"}
{"level":"info","message":"db_connected","service":"database","timestamp":"2026-03-15T05:21:00.603Z"}
{"level":"info","message":"shutdown_started","service":"main","timestamp":"2026-03-15T05:21:11.216Z"}
{"level":"info","message":"grpc_server_shutdown","service":"grpc_server","timestamp":"2026-03-15T05:21:11.218Z"}
{"level":"warn","message":"channel_closed","service":"rabbitmq_consumer","timestamp":"2026-03-15T05:21:11.228Z"}
{"level":"info","message":"db_connected","service":"database","timestamp":"2026-04-01T13:07:37.143Z"}
{"docs_url":"/api-docs","json_url":"/api-docs.json","level":"info","message":"swagger_ui_started","service":"http_server","timestamp":"2026-04-01T13:07:37.330Z","yaml_url":"/api-docs.yaml"}
{"env":"development","level":"info","log_level":"debug","message":"http_server_started","port":8012,"service":"http_server","timestamp":"2026-04-01T13:07:37.413Z"}
{"level":"info","message":"grpc_server_started","port":10004,"service":"grpc_server","timestamp":"2026-04-01T13:07:37.461Z"}
{"level":"info","message":"rabbitmq_connected","service":"rabbitmq","timestamp":"2026-04-01T13:07:37.549Z"}
{"exchange":"refina_microservice","level":"info","message":"queue_bound","queue":"refina-analytics","routingKey":"wallet.*","service":"rabbitmq_consumer","timestamp":"2026-04-01T13:07:37.576Z"}
{"exchange":"refina_microservice","level":"info","message":"queue_bound","queue":"refina-analytics","routingKey":"transaction.*","service":"rabbitmq_consumer","timestamp":"2026-04-01T13:07:37.581Z"}
{"exchange":"refina_microservice","level":"info","message":"queue_bound","queue":"refina-analytics","routingKey":"investment.*","service":"rabbitmq_consumer","timestamp":"2026-04-01T13:07:37.591Z"}
{"bindings":["wallet.*","transaction.*","investment.*"],"exchange":"refina_microservice","level":"info","maxRetry":4,"message":"consumer_ready","queue":"refina-analytics","retryDelayMs":15000,"retryQueue":"refina-analytics.retry","service":"rabbitmq_consumer","timestamp":"2026-04-01T13:07:37.614Z"}
{"error":"Connection closed: 320 (CONNECTION-FORCED) with message \"CONNECTION_FORCED - broker forced connection closure with reason 'shutdown'\"","level":"warn","message":"rabbitmq_disconnected","service":"rabbitmq","timestamp":"2026-04-01T14:25:11.620Z"}
{"level":"info","message":"shutdown_started","service":"main","timestamp":"2026-04-01T14:25:12.030Z"}
{"level":"info","message":"db_connected","service":"database","timestamp":"2026-04-02T12:51:29.934Z"}
{"docs_url":"/api-docs","json_url":"/api-docs.json","level":"info","message":"swagger_ui_started","service":"http_server","timestamp":"2026-04-02T12:51:29.951Z","yaml_url":"/api-docs.yaml"}
{"env":"development","level":"info","log_level":"debug","message":"http_server_started","port":8012,"service":"http_server","timestamp":"2026-04-02T12:51:29.963Z"}
{"level":"info","message":"grpc_server_started","port":10004,"service":"grpc_server","timestamp":"2026-04-02T12:51:29.968Z"}
{"level":"info","message":"rabbitmq_connected","service":"rabbitmq","timestamp":"2026-04-02T12:51:30.026Z"}
{"exchange":"refina_microservice","level":"info","message":"queue_bound","queue":"refina-analytics","routingKey":"wallet.*","service":"rabbitmq_consumer","timestamp":"2026-04-02T12:51:30.126Z"}
{"exchange":"refina_microservice","level":"info","message":"queue_bound","queue":"refina-analytics","routingKey":"transaction.*","service":"rabbitmq_consumer","timestamp":"2026-04-02T12:51:30.133Z"}
{"exchange":"refina_microservice","level":"info","message":"queue_bound","queue":"refina-analytics","routingKey":"investment.*","service":"rabbitmq_consumer","timestamp":"2026-04-02T12:51:30.135Z"}
{"bindings":["wallet.*","transaction.*","investment.*"],"exchange":"refina_microservice","level":"info","maxRetry":4,"message":"consumer_ready","queue":"refina-analytics","retryDelayMs":15000,"retryQueue":"refina-analytics.retry","service":"rabbitmq_consumer","timestamp":"2026-04-02T12:51:30.146Z"}
{"level":"info","message":"shutdown_started","service":"main","timestamp":"2026-04-02T13:47:07.719Z"}
{"level":"info","message":"grpc_server_shutdown","service":"grpc_server","timestamp":"2026-04-02T13:47:07.973Z"}
{"level":"warn","message":"channel_closed","service":"rabbitmq_consumer","timestamp":"2026-04-02T13:47:08.172Z"}
{"level":"info","message":"db_connected","service":"database","timestamp":"2026-04-03T11:04:07.174Z"}
{"docs_url":"/api-docs","json_url":"/api-docs.json","level":"info","message":"swagger_ui_started","service":"http_server","timestamp":"2026-04-03T11:04:07.196Z","yaml_url":"/api-docs.yaml"}
{"env":"development","level":"info","log_level":"debug","message":"http_server_started","port":8012,"service":"http_server","timestamp":"2026-04-03T11:04:07.206Z"}
{"level":"info","message":"grpc_server_started","port":10004,"service":"grpc_server","timestamp":"2026-04-03T11:04:07.210Z"}
{"level":"info","message":"rabbitmq_connected","service":"rabbitmq","timestamp":"2026-04-03T11:04:07.283Z"}
{"exchange":"refina_microservice","level":"info","message":"queue_bound","queue":"refina-analytics","routingKey":"wallet.*","service":"rabbitmq_consumer","timestamp":"2026-04-03T11:04:07.296Z"}
{"exchange":"refina_microservice","level":"info","message":"queue_bound","queue":"refina-analytics","routingKey":"transaction.*","service":"rabbitmq_consumer","timestamp":"2026-04-03T11:04:07.299Z"}
{"exchange":"refina_microservice","level":"info","message":"queue_bound","queue":"refina-analytics","routingKey":"investment.*","service":"rabbitmq_consumer","timestamp":"2026-04-03T11:04:07.301Z"}
{"bindings":["wallet.*","transaction.*","investment.*"],"exchange":"refina_microservice","level":"info","maxRetry":4,"message":"consumer_ready","queue":"refina-analytics","retryDelayMs":15000,"retryQueue":"refina-analytics.retry","service":"rabbitmq_consumer","timestamp":"2026-04-03T11:04:07.313Z"}
{"level":"debug","message":"grpc_request_received","method":"/dashboard.DashboardService/GetUserFinancialSummary","request_id":"d62feabd-812c-49be-b3e1-7f3d1cc7000a","service":"grpc_server","timestamp":"2026-04-03T11:52:57.438Z","user_id":"a79a39e5-d70f-41ae-b7e6-36246a99172d"}
{"level":"debug","message":"grpc_request_received","method":"/dashboard.DashboardService/GetUserFinancialSummary","request_id":"28d0f7ab-c6fc-4b94-8d30-0fabe1f90b12","service":"grpc_server","timestamp":"2026-04-03T11:52:57.630Z","user_id":"a79a39e5-d70f-41ae-b7e6-36246a99172d"}
{"level":"debug","message":"grpc_request_received","method":"/dashboard.DashboardService/GetUserTransactions","request_id":"1f8a6e72-0a45-4730-afb8-f26bdf9abb73","service":"grpc_server","timestamp":"2026-04-03T11:52:57.641Z","user_id":"a79a39e5-d70f-41ae-b7e6-36246a99172d"}
{"level":"debug","message":"grpc_request_received","method":"/dashboard.DashboardService/GetUserBalance","request_id":"ee384e18-9234-4012-a0ba-5c6e81495e8c","service":"grpc_server","timestamp":"2026-04-03T11:52:57.670Z","user_id":"a79a39e5-d70f-41ae-b7e6-36246a99172d"}
{"level":"debug","message":"grpc_request_received","method":"/dashboard.DashboardService/GetUserNetWorthComposition","request_id":"fb017e70-c035-47e8-9dee-62703f0facfe","service":"grpc_server","timestamp":"2026-04-03T11:52:57.684Z","user_id":"a79a39e5-d70f-41ae-b7e6-36246a99172d"}
{"level":"debug","message":"grpc_request_received","method":"/dashboard.DashboardService/GetUserWallets","request_id":"d5c9e676-696d-44c8-8991-9ad54d4f413d","service":"grpc_server","timestamp":"2026-04-03T11:52:57.772Z","user_id":"a79a39e5-d70f-41ae-b7e6-36246a99172d"}
{"level":"debug","message":"grpc_request_received","method":"/dashboard.DashboardService/GetUserBalance","request_id":"b6334c2c-0000-48b7-a249-2bc242793a9c","service":"grpc_server","timestamp":"2026-04-03T11:52:57.942Z","user_id":"a79a39e5-d70f-41ae-b7e6-36246a99172d"}
{"level":"debug","message":"grpc_request_received","method":"/dashboard.DashboardService/GetUserTransactions","request_id":"175ec85d-d045-4577-8865-b8604451fef9","service":"grpc_server","timestamp":"2026-04-03T11:54:34.786Z","user_id":"a79a39e5-d70f-41ae-b7e6-36246a99172d"}
{"level":"debug","message":"grpc_request_received","method":"/dashboard.DashboardService/GetUserTransactions","request_id":"0936b454-8277-4ec0-962f-6d85c50b9d37","service":"grpc_server","timestamp":"2026-04-03T11:55:05.503Z","user_id":"a79a39e5-d70f-41ae-b7e6-36246a99172d"}
{"level":"debug","message":"grpc_request_received","method":"/dashboard.DashboardService/GetUserTransactions","request_id":"957ba266-3b56-471e-b450-708108554ae0","service":"grpc_server","timestamp":"2026-04-03T11:55:47.699Z","user_id":"a79a39e5-d70f-41ae-b7e6-36246a99172d"}
{"level":"debug","message":"grpc_request_received","method":"/dashboard.DashboardService/GetUserTransactions","request_id":"b151f445-c1f1-41ef-b3f1-c50e6f6b1458","service":"grpc_server","timestamp":"2026-04-03T11:57:10.745Z","user_id":"a79a39e5-d70f-41ae-b7e6-36246a99172d"}
{"level":"debug","message":"grpc_request_received","method":"/dashboard.DashboardService/GetUserWallets","request_id":"34827b83-a5b2-43b3-ae0d-06705cd00285","service":"grpc_server","timestamp":"2026-04-03T12:03:07.620Z","user_id":"a79a39e5-d70f-41ae-b7e6-36246a99172d"}
{"level":"debug","message":"grpc_request_received","method":"/dashboard.DashboardService/GetUserTransactions","request_id":"e00f1931-9a68-4320-a936-a19142daa4a2","service":"grpc_server","timestamp":"2026-04-03T12:03:08.017Z","user_id":"a79a39e5-d70f-41ae-b7e6-36246a99172d"}
{"level":"debug","message":"grpc_request_received","method":"/dashboard.DashboardService/GetUserTransactions","request_id":"4b600743-f21d-408e-8d19-cf4409778089","service":"grpc_server","timestamp":"2026-04-03T12:03:08.045Z","user_id":"a79a39e5-d70f-41ae-b7e6-36246a99172d"}
{"level":"debug","message":"grpc_request_received","method":"/dashboard.DashboardService/GetUserWallets","request_id":"f1d083d3-5ca5-4a4b-b68c-63e914b1be9c","service":"grpc_server","timestamp":"2026-04-03T12:10:19.209Z","user_id":"a79a39e5-d70f-41ae-b7e6-36246a99172d"}
{"level":"debug","message":"grpc_request_received","method":"/dashboard.DashboardService/GetUserTransactions","request_id":"5bb8d7d3-186f-4fd9-bded-80a86b031487","service":"grpc_server","timestamp":"2026-04-03T12:10:19.347Z","user_id":"a79a39e5-d70f-41ae-b7e6-36246a99172d"}
{"level":"debug","message":"grpc_request_received","method":"/dashboard.DashboardService/GetUserTransactions","request_id":"70d4a10e-6c50-434c-a364-463d81f359ee","service":"grpc_server","timestamp":"2026-04-03T12:10:19.360Z","user_id":"a79a39e5-d70f-41ae-b7e6-36246a99172d"}
{"level":"debug","message":"grpc_request_received","method":"/dashboard.DashboardService/GetUserTransactions","request_id":"6f6c5f3e-717c-40a4-8806-13a351aab788","service":"grpc_server","timestamp":"2026-04-03T12:14:46.397Z","user_id":"a79a39e5-d70f-41ae-b7e6-36246a99172d"}
{"level":"debug","message":"grpc_request_received","method":"/dashboard.DashboardService/GetUserTransactions","request_id":"35e60c01-38a3-4044-83e2-9ea0f90ce7f3","service":"grpc_server","timestamp":"2026-04-03T12:17:22.522Z","user_id":"a79a39e5-d70f-41ae-b7e6-36246a99172d"}
{"level":"debug","message":"grpc_request_received","method":"/dashboard.DashboardService/GetUserWallets","request_id":"ac1c4425-767a-4d66-8e97-b468c139acb0","service":"grpc_server","timestamp":"2026-04-03T12:17:22.539Z","user_id":"a79a39e5-d70f-41ae-b7e6-36246a99172d"}
{"level":"debug","message":"grpc_request_received","method":"/dashboard.DashboardService/GetUserTransactions","request_id":"dd6c3456-2f1f-4e08-800e-f2b645da1c2c","service":"grpc_server","timestamp":"2026-04-03T12:17:22.562Z","user_id":"a79a39e5-d70f-41ae-b7e6-36246a99172d"}
{"level":"debug","message":"grpc_request_received","method":"/dashboard.DashboardService/GetUserFinancialSummary","request_id":"a5bd05df-6a1b-48ba-bc88-8848cad1791f","service":"grpc_server","timestamp":"2026-04-03T12:18:36.175Z","user_id":"a79a39e5-d70f-41ae-b7e6-36246a99172d"}
{"level":"debug","message":"grpc_request_received","method":"/dashboard.DashboardService/GetUserFinancialSummary","request_id":"14933e8c-9480-4199-a638-e3d2e2e1f817","service":"grpc_server","timestamp":"2026-04-03T12:18:36.209Z","user_id":"a79a39e5-d70f-41ae-b7e6-36246a99172d"}
{"level":"debug","message":"grpc_request_received","method":"/dashboard.DashboardService/GetUserBalance","request_id":"d06c5989-5f06-42b6-8866-7ff9fbfc71a3","service":"grpc_server","timestamp":"2026-04-03T12:18:38.334Z","user_id":"a79a39e5-d70f-41ae-b7e6-36246a99172d"}
{"level":"debug","message":"grpc_request_received","method":"/dashboard.DashboardService/GetUserNetWorthComposition","request_id":"adf4ef9a-b253-43f3-b77e-378680958adb","service":"grpc_server","timestamp":"2026-04-03T12:18:38.344Z","user_id":"a79a39e5-d70f-41ae-b7e6-36246a99172d"}
{"level":"debug","message":"grpc_request_received","method":"/dashboard.DashboardService/GetUserNetWorthComposition","request_id":"e916ae88-d662-4381-81e8-fc83c6873c6b","service":"grpc_server","timestamp":"2026-04-03T12:18:38.351Z","user_id":"a79a39e5-d70f-41ae-b7e6-36246a99172d"}
{"level":"debug","message":"grpc_request_received","method":"/dashboard.DashboardService/GetUserBalance","request_id":"431aec34-64c6-4875-ab60-36399cbd1640","service":"grpc_server","timestamp":"2026-04-03T12:18:38.355Z","user_id":"a79a39e5-d70f-41ae-b7e6-36246a99172d"}
{"level":"debug","message":"grpc_request_received","method":"/dashboard.DashboardService/GetUserTransactions","request_id":"e8fb261d-e72f-4a3c-bbc9-3fe655518e5d","service":"grpc_server","timestamp":"2026-04-03T12:22:30.482Z","user_id":"a79a39e5-d70f-41ae-b7e6-36246a99172d"}
{"level":"debug","message":"grpc_request_received","method":"/dashboard.DashboardService/GetUserWallets","request_id":"ff12ee12-89a0-47c6-b8b0-a1bca99eb007","service":"grpc_server","timestamp":"2026-04-03T12:23:38.524Z","user_id":"a79a39e5-d70f-41ae-b7e6-36246a99172d"}
{"level":"debug","message":"grpc_request_received","method":"/dashboard.DashboardService/GetUserTransactions","request_id":"c9a0e0c1-b5c3-4fc5-82b1-c72acbd03a65","service":"grpc_server","timestamp":"2026-04-03T12:28:03.486Z","user_id":"a79a39e5-d70f-41ae-b7e6-36246a99172d"}
{"level":"debug","message":"grpc_request_received","method":"/dashboard.DashboardService/GetUserTransactions","request_id":"e5592aa7-e16c-4134-8c56-92b45b5a8e72","service":"grpc_server","timestamp":"2026-04-03T12:28:03.788Z","user_id":"a79a39e5-d70f-41ae-b7e6-36246a99172d"}
{"level":"debug","message":"grpc_request_received","method":"/dashboard.DashboardService/GetUserWallets","request_id":"8c74cdc4-7be0-4b65-af1a-721905747e78","service":"grpc_server","timestamp":"2026-04-03T12:29:23.728Z","user_id":"a79a39e5-d70f-41ae-b7e6-36246a99172d"}
{"level":"debug","message":"grpc_request_received","method":"/dashboard.DashboardService/GetUserTransactions","request_id":"1d52dca5-4015-4239-ad69-4eaac47abb7b","service":"grpc_server","timestamp":"2026-04-03T12:39:34.565Z","user_id":"a79a39e5-d70f-41ae-b7e6-36246a99172d"}
{"level":"debug","message":"grpc_request_received","method":"/dashboard.DashboardService/GetUserWallets","request_id":"1796c6d1-d4a5-4987-8bfc-895ae3c0b8fb","service":"grpc_server","timestamp":"2026-04-03T12:39:34.998Z","user_id":"a79a39e5-d70f-41ae-b7e6-36246a99172d"}
{"level":"debug","message":"grpc_request_received","method":"/dashboard.DashboardService/GetUserTransactions","request_id":"47e4ffeb-aa1c-4884-a050-cb1e42c6bc03","service":"grpc_server","timestamp":"2026-04-03T12:39:35.520Z","user_id":"a79a39e5-d70f-41ae-b7e6-36246a99172d"}
{"level":"debug","message":"grpc_request_received","method":"/dashboard.DashboardService/GetUserTransactions","request_id":"2049619a-0d57-42e1-95ec-7c146cddaf4b","service":"grpc_server","timestamp":"2026-04-03T12:44:38.503Z","user_id":"a79a39e5-d70f-41ae-b7e6-36246a99172d"}
{"level":"debug","message":"grpc_request_received","method":"/dashboard.DashboardService/GetUserWallets","request_id":"3008cc1b-0116-4ee3-b928-109ab6cf0b7d","service":"grpc_server","timestamp":"2026-04-03T12:44:38.644Z","user_id":"a79a39e5-d70f-41ae-b7e6-36246a99172d"}
{"level":"debug","message":"grpc_request_received","method":"/dashboard.DashboardService/GetUserTransactions","request_id":"1f66b86d-38ba-435b-b65a-effc34a05957","service":"grpc_server","timestamp":"2026-04-03T12:44:38.668Z","user_id":"a79a39e5-d70f-41ae-b7e6-36246a99172d"}
{"level":"debug","message":"grpc_request_received","method":"/dashboard.DashboardService/GetUserWallets","request_id":"43499bbd-2ba6-4915-8d0f-3cc780cfac21","service":"grpc_server","timestamp":"2026-04-03T12:50:48.548Z","user_id":"a79a39e5-d70f-41ae-b7e6-36246a99172d"}
{"level":"debug","message":"grpc_request_received","method":"/dashboard.DashboardService/GetUserTransactions","request_id":"e93025d2-2e7c-441c-bb6c-7e20efb3b71f","service":"grpc_server","timestamp":"2026-04-03T12:50:49.272Z","user_id":"a79a39e5-d70f-41ae-b7e6-36246a99172d"}
{"level":"debug","message":"grpc_request_received","method":"/dashboard.DashboardService/GetUserTransactions","request_id":"b58df917-e672-4f05-95f6-2dc31a761837","service":"grpc_server","timestamp":"2026-04-03T12:50:49.286Z","user_id":"a79a39e5-d70f-41ae-b7e6-36246a99172d"}
{"level":"debug","message":"grpc_request_received","method":"/dashboard.DashboardService/GetUserTransactions","request_id":"0527a2a9-a24d-4b23-91fd-c9a750748cbd","service":"grpc_server","timestamp":"2026-04-03T12:55:51.156Z","user_id":"a79a39e5-d70f-41ae-b7e6-36246a99172d"}
{"level":"debug","message":"grpc_request_received","method":"/dashboard.DashboardService/GetUserWallets","request_id":"621b34ad-d0ae-40c8-a02a-442f2f28ec34","service":"grpc_server","timestamp":"2026-04-03T12:55:51.312Z","user_id":"a79a39e5-d70f-41ae-b7e6-36246a99172d"}
{"level":"debug","message":"grpc_request_received","method":"/dashboard.DashboardService/GetUserTransactions","request_id":"fe93330d-1e5a-4747-a1d6-ac985e8699e9","service":"grpc_server","timestamp":"2026-04-03T12:55:51.346Z","user_id":"a79a39e5-d70f-41ae-b7e6-36246a99172d"}
{"level":"debug","message":"grpc_request_received","method":"/dashboard.DashboardService/GetUserWallets","request_id":"1af033c1-a051-43ce-92af-f11760b8f14f","service":"grpc_server","timestamp":"2026-04-03T13:01:27.146Z","user_id":"a79a39e5-d70f-41ae-b7e6-36246a99172d"}
{"level":"debug","message":"grpc_request_received","method":"/dashboard.DashboardService/GetUserTransactions","request_id":"de332cce-efe9-48a8-abf6-de9d1f777931","service":"grpc_server","timestamp":"2026-04-03T13:01:27.304Z","user_id":"a79a39e5-d70f-41ae-b7e6-36246a99172d"}
{"level":"debug","message":"grpc_request_received","method":"/dashboard.DashboardService/GetUserTransactions","request_id":"4b42e2e2-ab26-4e0b-bc1e-5769e0dbc596","service":"grpc_server","timestamp":"2026-04-03T13:01:27.312Z","user_id":"a79a39e5-d70f-41ae-b7e6-36246a99172d"}
{"level":"debug","message":"grpc_request_received","method":"/dashboard.DashboardService/GetUserTransactions","request_id":"817cd75c-cae5-4680-8b5e-f806e46ac89b","service":"grpc_server","timestamp":"2026-04-03T13:06:33.126Z","user_id":"a79a39e5-d70f-41ae-b7e6-36246a99172d"}
{"level":"debug","message":"grpc_request_received","method":"/dashboard.DashboardService/GetUserTransactions","request_id":"b8db658a-f78f-48bc-85b2-23d2e4da1427","service":"grpc_server","timestamp":"2026-04-03T13:06:33.803Z","user_id":"a79a39e5-d70f-41ae-b7e6-36246a99172d"}
{"level":"debug","message":"grpc_request_received","method":"/dashboard.DashboardService/GetUserWallets","request_id":"68ba4b8c-193a-4f84-b0ad-258f31576366","service":"grpc_server","timestamp":"2026-04-03T13:06:33.858Z","user_id":"a79a39e5-d70f-41ae-b7e6-36246a99172d"}
{"level":"debug","message":"grpc_request_received","method":"/dashboard.DashboardService/GetUserWallets","request_id":"2115b1a8-ac62-428d-8bed-1dc142d04577","service":"grpc_server","timestamp":"2026-04-03T13:12:55.035Z","user_id":"a79a39e5-d70f-41ae-b7e6-36246a99172d"}
{"level":"debug","message":"grpc_request_received","method":"/dashboard.DashboardService/GetUserTransactions","request_id":"211754a8-471a-4f5c-a90e-65dd2686f2eb","service":"grpc_server","timestamp":"2026-04-03T13:12:55.367Z","user_id":"a79a39e5-d70f-41ae-b7e6-36246a99172d"}
{"level":"debug","message":"grpc_request_received","method":"/dashboard.DashboardService/GetUserTransactions","request_id":"ccdbecdb-9983-48df-a581-c846bf61de85","service":"grpc_server","timestamp":"2026-04-03T13:12:55.381Z","user_id":"a79a39e5-d70f-41ae-b7e6-36246a99172d"}
{"level":"debug","message":"grpc_request_received","method":"/dashboard.DashboardService/GetUserWallets","request_id":"5b712489-5fa2-460c-82f7-1b2b00b17b6a","service":"grpc_server","timestamp":"2026-04-03T13:31:40.465Z","user_id":"a79a39e5-d70f-41ae-b7e6-36246a99172d"}
{"level":"debug","message":"grpc_request_received","method":"/dashboard.DashboardService/GetUserTransactions","request_id":"7aa6ec5e-446d-4af4-95d2-0b754b206449","service":"grpc_server","timestamp":"2026-04-03T13:31:40.815Z","user_id":"a79a39e5-d70f-41ae-b7e6-36246a99172d"}
{"level":"debug","message":"grpc_request_received","method":"/dashboard.DashboardService/GetUserTransactions","request_id":"1b9cb23c-cf60-4865-8e9f-4bbf52520f30","service":"grpc_server","timestamp":"2026-04-03T13:31:40.826Z","user_id":"a79a39e5-d70f-41ae-b7e6-36246a99172d"}
{"level":"debug","message":"grpc_request_received","method":"/dashboard.DashboardService/GetUserTransactions","request_id":"be381eb8-53ce-41b6-b7e1-0ca767765163","service":"grpc_server","timestamp":"2026-04-03T13:36:44.943Z","user_id":"a79a39e5-d70f-41ae-b7e6-36246a99172d"}
{"level":"debug","message":"grpc_request_received","method":"/dashboard.DashboardService/GetUserWallets","request_id":"9fa33e10-3f67-4f5e-95c9-9a9e642f2f0e","service":"grpc_server","timestamp":"2026-04-03T13:36:45.335Z","user_id":"a79a39e5-d70f-41ae-b7e6-36246a99172d"}
{"level":"debug","message":"grpc_request_received","method":"/dashboard.DashboardService/GetUserTransactions","request_id":"5e736b49-5877-4bf5-bf38-4448e764b470","service":"grpc_server","timestamp":"2026-04-03T13:36:45.370Z","user_id":"a79a39e5-d70f-41ae-b7e6-36246a99172d"}
{"level":"debug","message":"grpc_request_received","method":"/dashboard.DashboardService/GetUserTransactions","request_id":"ac0f6ff9-e42e-4dc1-a435-7b6c38eb4e80","service":"grpc_server","timestamp":"2026-04-03T13:42:53.078Z","user_id":"a79a39e5-d70f-41ae-b7e6-36246a99172d"}
{"level":"debug","message":"grpc_request_received","method":"/dashboard.DashboardService/GetUserWallets","request_id":"7331635e-89ff-44d3-bcd1-a489836607e1","service":"grpc_server","timestamp":"2026-04-03T13:53:17.952Z","user_id":"a79a39e5-d70f-41ae-b7e6-36246a99172d"}
{"level":"debug","message":"grpc_request_received","method":"/dashboard.DashboardService/GetUserTransactions","request_id":"365440f5-d0e7-4c91-b35c-5aea9f080fdc","service":"grpc_server","timestamp":"2026-04-03T13:53:18.047Z","user_id":"a79a39e5-d70f-41ae-b7e6-36246a99172d"}
{"level":"debug","message":"grpc_request_received","method":"/dashboard.DashboardService/GetUserTransactions","request_id":"6cd6c857-8ec1-42a9-949a-cb8999db21a3","service":"grpc_server","timestamp":"2026-04-03T13:53:18.055Z","user_id":"a79a39e5-d70f-41ae-b7e6-36246a99172d"}
{"level":"debug","message":"grpc_request_received","method":"/dashboard.DashboardService/GetUserTransactions","request_id":"61f3b678-1369-4cee-aee3-f1093f4de2c6","service":"grpc_server","timestamp":"2026-04-03T14:08:23.729Z","user_id":"a79a39e5-d70f-41ae-b7e6-36246a99172d"}
{"level":"info","message":"shutdown_started","service":"main","timestamp":"2026-04-03T14:08:29.040Z"}
{"level":"warn","message":"channel_closed","service":"rabbitmq_consumer","timestamp":"2026-04-03T14:08:29.144Z"}
{"level":"info","message":"db_connected","service":"database","timestamp":"2026-04-03T14:49:01.553Z"}
{"docs_url":"/api-docs","json_url":"/api-docs.json","level":"info","message":"swagger_ui_started","service":"http_server","timestamp":"2026-04-03T14:49:01.623Z","yaml_url":"/api-docs.yaml"}
{"env":"development","level":"info","log_level":"debug","message":"http_server_started","port":8012,"service":"http_server","timestamp":"2026-04-03T14:49:01.634Z"}
{"level":"info","message":"grpc_server_started","port":10004,"service":"grpc_server","timestamp":"2026-04-03T14:49:01.641Z"}
{"level":"info","message":"rabbitmq_connected","service":"rabbitmq","timestamp":"2026-04-03T14:49:01.898Z"}
{"exchange":"refina_microservice","level":"info","message":"queue_bound","queue":"refina-analytics","routingKey":"wallet.*","service":"rabbitmq_consumer","timestamp":"2026-04-03T14:49:02.337Z"}
{"exchange":"refina_microservice","level":"info","message":"queue_bound","queue":"refina-analytics","routingKey":"transaction.*","service":"rabbitmq_consumer","timestamp":"2026-04-03T14:49:02.341Z"}
{"exchange":"refina_microservice","level":"info","message":"queue_bound","queue":"refina-analytics","routingKey":"investment.*","service":"rabbitmq_consumer","timestamp":"2026-04-03T14:49:02.347Z"}
{"bindings":["wallet.*","transaction.*","investment.*"],"exchange":"refina_microservice","level":"info","maxRetry":4,"message":"consumer_ready","queue":"refina-analytics","retryDelayMs":15000,"retryQueue":"refina-analytics.retry","service":"rabbitmq_consumer","timestamp":"2026-04-03T14:49:02.370Z"}
{"level":"info","message":"shutdown_started","service":"main","timestamp":"2026-04-03T14:49:10.173Z"}
{"level":"info","message":"grpc_server_shutdown","service":"grpc_server","timestamp":"2026-04-03T14:49:10.175Z"}
{"level":"warn","message":"channel_closed","service":"rabbitmq_consumer","timestamp":"2026-04-03T14:49:10.179Z"}
{"level":"info","message":"rabbitmq_connection_closed","service":"rabbitmq","timestamp":"2026-04-03T14:49:10.193Z"}
{"level":"info","message":"db_connected","service":"database","timestamp":"2026-04-03T14:49:26.000Z"}
{"docs_url":"/api-docs","json_url":"/api-docs.json","level":"info","message":"swagger_ui_started","service":"http_server","timestamp":"2026-04-03T14:49:26.027Z","yaml_url":"/api-docs.yaml"}
{"env":"development","level":"info","log_level":"debug","message":"http_server_started","port":8012,"service":"http_server","timestamp":"2026-04-03T14:49:26.042Z"}
{"level":"info","message":"grpc_server_started","port":10004,"service":"grpc_server","timestamp":"2026-04-03T14:49:26.053Z"}
{"level":"info","message":"rabbitmq_connected","service":"rabbitmq","timestamp":"2026-04-03T14:49:26.256Z"}
{"exchange":"refina_microservice","level":"info","message":"queue_bound","queue":"refina-analytics","routingKey":"wallet.*","service":"rabbitmq_consumer","timestamp":"2026-04-03T14:49:26.317Z"}
{"exchange":"refina_microservice","level":"info","message":"queue_bound","queue":"refina-analytics","routingKey":"transaction.*","service":"rabbitmq_consumer","timestamp":"2026-04-03T14:49:26.322Z"}
{"exchange":"refina_microservice","level":"info","message":"queue_bound","queue":"refina-analytics","routingKey":"investment.*","service":"rabbitmq_consumer","timestamp":"2026-04-03T14:49:26.352Z"}
{"bindings":["wallet.*","transaction.*","investment.*"],"exchange":"refina_microservice","level":"info","maxRetry":4,"message":"consumer_ready","queue":"refina-analytics","retryDelayMs":15000,"retryQueue":"refina-analytics.retry","service":"rabbitmq_consumer","timestamp":"2026-04-03T14:49:26.565Z"}
{"level":"info","message":"shutdown_started","service":"main","timestamp":"2026-04-03T14:49:27.319Z"}
{"level":"info","message":"grpc_server_shutdown","service":"grpc_server","timestamp":"2026-04-03T14:49:27.322Z"}
{"level":"warn","message":"channel_closed","service":"rabbitmq_consumer","timestamp":"2026-04-03T14:49:27.329Z"}
{"level":"info","message":"rabbitmq_connection_closed","service":"rabbitmq","timestamp":"2026-04-03T14:49:27.407Z"}
{"level":"info","message":"db_connected","service":"database","timestamp":"2026-04-03T14:49:37.726Z"}
{"docs_url":"/api-docs","json_url":"/api-docs.json","level":"info","message":"swagger_ui_started","service":"http_server","timestamp":"2026-04-03T14:49:37.747Z","yaml_url":"/api-docs.yaml"}
{"env":"development","level":"info","log_level":"debug","message":"http_server_started","port":8012,"service":"http_server","timestamp":"2026-04-03T14:49:37.762Z"}
{"level":"info","message":"grpc_server_started","port":10004,"service":"grpc_server","timestamp":"2026-04-03T14:49:37.768Z"}
{"level":"info","message":"rabbitmq_connected","service":"rabbitmq","timestamp":"2026-04-03T14:49:37.826Z"}
{"exchange":"refina_microservice","level":"info","message":"queue_bound","queue":"refina-analytics","routingKey":"wallet.*","service":"rabbitmq_consumer","timestamp":"2026-04-03T14:49:37.843Z"}
{"exchange":"refina_microservice","level":"info","message":"queue_bound","queue":"refina-analytics","routingKey":"transaction.*","service":"rabbitmq_consumer","timestamp":"2026-04-03T14:49:37.846Z"}
{"exchange":"refina_microservice","level":"info","message":"queue_bound","queue":"refina-analytics","routingKey":"investment.*","service":"rabbitmq_consumer","timestamp":"2026-04-03T14:49:37.849Z"}
{"bindings":["wallet.*","transaction.*","investment.*"],"exchange":"refina_microservice","level":"info","maxRetry":4,"message":"consumer_ready","queue":"refina-analytics","retryDelayMs":15000,"retryQueue":"refina-analytics.retry","service":"rabbitmq_consumer","timestamp":"2026-04-03T14:49:37.859Z"}
{"level":"info","message":"shutdown_started","service":"main","timestamp":"2026-04-03T14:49:47.967Z"}
{"level":"info","message":"grpc_server_shutdown","service":"grpc_server","timestamp":"2026-04-03T14:49:47.970Z"}
{"level":"warn","message":"channel_closed","service":"rabbitmq_consumer","timestamp":"2026-04-03T14:49:47.977Z"}
{"level":"info","message":"db_connected","service":"database","timestamp":"2026-04-03T14:49:58.609Z"}
{"docs_url":"/api-docs","json_url":"/api-docs.json","level":"info","message":"swagger_ui_started","service":"http_server","timestamp":"2026-04-03T14:49:58.621Z","yaml_url":"/api-docs.yaml"}
{"env":"development","level":"info","log_level":"debug","message":"http_server_started","port":8012,"service":"http_server","timestamp":"2026-04-03T14:49:58.629Z"}
{"level":"info","message":"grpc_server_started","port":10004,"service":"grpc_server","timestamp":"2026-04-03T14:49:58.632Z"}
{"level":"info","message":"rabbitmq_connected","service":"rabbitmq","timestamp":"2026-04-03T14:49:59.083Z"}
{"exchange":"refina_microservice","level":"info","message":"queue_bound","queue":"refina-analytics","routingKey":"wallet.*","service":"rabbitmq_consumer","timestamp":"2026-04-03T14:49:59.132Z"}
{"exchange":"refina_microservice","level":"info","message":"queue_bound","queue":"refina-analytics","routingKey":"transaction.*","service":"rabbitmq_consumer","timestamp":"2026-04-03T14:49:59.134Z"}
{"exchange":"refina_microservice","level":"info","message":"queue_bound","queue":"refina-analytics","routingKey":"investment.*","service":"rabbitmq_consumer","timestamp":"2026-04-03T14:49:59.136Z"}
{"bindings":["wallet.*","transaction.*","investment.*"],"exchange":"refina_microservice","level":"info","maxRetry":4,"message":"consumer_ready","queue":"refina-analytics","retryDelayMs":15000,"retryQueue":"refina-analytics.retry","service":"rabbitmq_consumer","timestamp":"2026-04-03T14:49:59.379Z"}
{"level":"debug","message":"grpc_request_received","method":"/dashboard.DashboardService/GetUserTransactions","request_id":"e3dd6ac0-29bd-4fdb-b5a6-cf70acef212e","service":"grpc_server","timestamp":"2026-04-03T14:50:12.567Z","user_id":"a79a39e5-d70f-41ae-b7e6-36246a99172d"}
{"level":"debug","message":"grpc_request_received","method":"/dashboard.DashboardService/GetCategoryTransactions","request_id":"437f4733-39bc-4491-b8f2-ef9f457e341f","service":"grpc_server","timestamp":"2026-04-03T14:50:15.154Z","user_id":"a79a39e5-d70f-41ae-b7e6-36246a99172d"}
{"level":"debug","message":"DEBUG: ","response":{"array":[null,null,null,null,[]],"arrayIndexOffset_":-1,"convertedPrimitiveFields_":{},"pivot_":1.7976931348623157e+308,"wrappers_":null},"timestamp":"2026-04-03T14:50:15.456Z"}
{"error":"(result || []).map is not a function","handler":"getCategoryTransactions","level":"error","message":"grpc_handler_failed","request_id":"437f4733-39bc-4491-b8f2-ef9f457e341f","service":"grpc_server","timestamp":"2026-04-03T14:50:15.457Z","user_id":"a79a39e5-d70f-41ae-b7e6-36246a99172d"}
{"level":"info","message":"shutdown_started","service":"main","timestamp":"2026-04-03T14:50:51.598Z"}
{"level":"warn","message":"channel_closed","service":"rabbitmq_consumer","timestamp":"2026-04-03T14:50:51.608Z"}
{"level":"info","message":"grpc_server_shutdown","service":"grpc_server","timestamp":"2026-04-03T14:50:51.614Z"}
{"level":"info","message":"rabbitmq_connection_closed","service":"rabbitmq","timestamp":"2026-04-03T14:50:51.777Z"}
{"level":"info","message":"db_connected","service":"database","timestamp":"2026-04-03T14:51:05.271Z"}
{"docs_url":"/api-docs","json_url":"/api-docs.json","level":"info","message":"swagger_ui_started","service":"http_server","timestamp":"2026-04-03T14:51:05.292Z","yaml_url":"/api-docs.yaml"}
{"env":"development","level":"info","log_level":"debug","message":"http_server_started","port":8012,"service":"http_server","timestamp":"2026-04-03T14:51:05.338Z"}
{"level":"info","message":"grpc_server_started","port":10004,"service":"grpc_server","timestamp":"2026-04-03T14:51:05.379Z"}
{"level":"info","message":"rabbitmq_connected","service":"rabbitmq","timestamp":"2026-04-03T14:51:05.873Z"}
{"exchange":"refina_microservice","level":"info","message":"queue_bound","queue":"refina-analytics","routingKey":"wallet.*","service":"rabbitmq_consumer","timestamp":"2026-04-03T14:51:06.309Z"}
{"exchange":"refina_microservice","level":"info","message":"queue_bound","queue":"refina-analytics","routingKey":"transaction.*","service":"rabbitmq_consumer","timestamp":"2026-04-03T14:51:06.313Z"}
{"exchange":"refina_microservice","level":"info","message":"queue_bound","queue":"refina-analytics","routingKey":"investment.*","service":"rabbitmq_consumer","timestamp":"2026-04-03T14:51:06.316Z"}
{"bindings":["wallet.*","transaction.*","investment.*"],"exchange":"refina_microservice","level":"info","maxRetry":4,"message":"consumer_ready","queue":"refina-analytics","retryDelayMs":15000,"retryQueue":"refina-analytics.retry","service":"rabbitmq_consumer","timestamp":"2026-04-03T14:51:06.335Z"}
{"level":"debug","message":"grpc_request_received","method":"/dashboard.DashboardService/GetCategoryTransactions","request_id":"1cc5a681-4528-449e-92b1-f88cd1651aa4","service":"grpc_server","timestamp":"2026-04-03T14:51:10.538Z","user_id":"a79a39e5-d70f-41ae-b7e6-36246a99172d"}
{"level":"debug","message":"DEBUG: ","result":{"CategoryID":"e6a3af62-02ca-4d6e-b786-583d4438e5ea","CategoryName":"Sedekah","CategoryType":"expense","Transactions":[{"Description":"HP Infinix Hot 60 Pro Adek","TransactionDate":"2026-02-08T08:30:54.000Z","TransactionID":"a532a178-8f25-428a-aa63-2e53e48648e0","WalletName":"BCA Xpresi"},{"Description":"Infaq","TransactionDate":"2026-01-30T08:27:36.000Z","TransactionID":"85f8b4e1-48cb-4c5c-8c99-1be21957bea8","WalletName":"Dompet"},{"Description":"paketan mama","TransactionDate":"2026-01-24T16:32:29.000Z","TransactionID":"c256ebcc-b5ee-4090-99df-98b309d8c8e1","WalletName":"BCA Xpresi"},{"Description":"paketan adek","TransactionDate":"2026-01-22T09:33:21.000Z","TransactionID":"9b628e77-8b04-4744-ad6b-895513920930","WalletName":"BCA Xpresi"},{"Description":"Infaq","TransactionDate":"2026-01-16T13:22:36.000Z","TransactionID":"0749935f-f361-45f8-a6aa-348aada6e265","WalletName":"Dompet"},{"Description":"Paketan adek","TransactionDate":"2026-01-08T06:52:33.000Z","TransactionID":"42dbe4e9-a234-499a-8b6d-85c3d4eef15e","WalletName":"BCA Xpresi"},{"Description":"pulsa mama","TransactionDate":"2025-12-31T08:40:08.000Z","TransactionID":"2433a85c-1b62-4a20-9877-53159e112f5b","WalletName":"BCA Xpresi"},{"Description":"Infaq","TransactionDate":"2025-12-26T07:30:17.000Z","TransactionID":"eb883f8a-16fb-42a8-a200-a71bf005d3ae","WalletName":"Dompet"},{"Description":"Paketan adek","TransactionDate":"2025-12-10T10:19:30.000Z","TransactionID":"092d3c19-8dc9-493f-9cfe-7bae4d9b7c9e","WalletName":"BCA Xpresi"},{"Description":"Mesin cuci mama","TransactionDate":"2025-12-08T10:17:19.000Z","TransactionID":"fd20ea28-c10c-41b2-bdf4-16613a3eea01","WalletName":"BCA Xpresi"},{"Description":"celana adek","TransactionDate":"2025-11-23T21:49:59.000Z","TransactionID":"b73637b1-00b2-429e-82e5-b9a6281e8f3d","WalletName":"Dompet"},{"Description":"Infaq","TransactionDate":"2025-11-14T05:33:52.000Z","TransactionID":"503ce7ec-d848-4ccf-89e4-a39dee4babbc","WalletName":"Dompet"},{"Description":"mama & adek","TransactionDate":"2025-11-01T09:42:01.000Z","TransactionID":"55f0b889-75bd-4b6e-a0d0-19f2b003d32f","WalletName":"Dompet"},{"Description":"Adek + mama","TransactionDate":"2025-10-02T10:30:30.000Z","TransactionID":"81b96c62-6862-4a68-b627-079ce25c69c9","WalletName":"Dompet"},{"Description":"mama & adek","TransactionDate":"2025-09-02T07:08:38.000Z","TransactionID":"addefe4e-2f24-4ad5-887f-73caa895e122","WalletName":"Dompet"},{"Description":"mama & adek","TransactionDate":"2025-08-02T07:47:47.000Z","TransactionID":"98411cf1-c53d-416e-aa39-d1affa5ee097","WalletName":"Dompet"},{"Description":"Infaq jumatan","TransactionDate":"2025-08-01T07:47:11.000Z","TransactionID":"24d0204c-7cc1-4840-9fa9-3341d39963bb","WalletName":"Dompet"},{"Description":"mama & adek","TransactionDate":"2025-07-01T06:29:27.000Z","TransactionID":"818ae0ca-e3bd-4c73-b2d5-e453b2228c38","WalletName":"Dompet"},{"Description":"Adek","TransactionDate":"2025-06-01T12:32:01.000Z","TransactionID":"b2e636d9-61e6-48ed-aded-61d6865c7a2e","WalletName":"Dompet"},{"Description":"Mama","TransactionDate":"2025-06-01T12:30:50.000Z","TransactionID":"d0da63ba-1e19-41bc-b936-108ec44ced89","WalletName":"Dompet"},{"Description":"adik","TransactionDate":"2025-04-25T01:33:03.000Z","TransactionID":"1a7d249c-3006-428b-88ab-a44bae90e592","WalletName":"Dompet"},{"Description":"mama","TransactionDate":"2025-04-25T01:32:18.000Z","TransactionID":"79dffe1b-57b0-4214-a4c9-78ec0e7cd05d","WalletName":"Dompet"}]},"timestamp":"2026-04-03T14:51:10.686Z"}
{"error":"(result || []).map is not a function","handler":"getCategoryTransactions","level":"error","message":"grpc_handler_failed","request_id":"1cc5a681-4528-449e-92b1-f88cd1651aa4","service":"grpc_server","timestamp":"2026-04-03T14:51:10.687Z","user_id":"a79a39e5-d70f-41ae-b7e6-36246a99172d"}
{"level":"info","message":"shutdown_started","service":"main","timestamp":"2026-04-03T14:51:21.160Z"}
{"level":"warn","message":"channel_closed","service":"rabbitmq_consumer","timestamp":"2026-04-03T14:51:21.169Z"}
{"level":"info","message":"grpc_server_shutdown","service":"grpc_server","timestamp":"2026-04-03T14:51:21.174Z"}
{"level":"info","message":"rabbitmq_connection_closed","service":"rabbitmq","timestamp":"2026-04-03T14:51:21.190Z"}
{"level":"info","message":"db_connected","service":"database","timestamp":"2026-04-03T14:51:24.317Z"}
{"docs_url":"/api-docs","json_url":"/api-docs.json","level":"info","message":"swagger_ui_started","service":"http_server","timestamp":"2026-04-03T14:51:24.330Z","yaml_url":"/api-docs.yaml"}
{"env":"development","level":"info","log_level":"debug","message":"http_server_started","port":8012,"service":"http_server","timestamp":"2026-04-03T14:51:24.342Z"}
{"level":"info","message":"grpc_server_started","port":10004,"service":"grpc_server","timestamp":"2026-04-03T14:51:24.346Z"}
{"level":"info","message":"rabbitmq_connected","service":"rabbitmq","timestamp":"2026-04-03T14:51:24.398Z"}
{"exchange":"refina_microservice","level":"info","message":"queue_bound","queue":"refina-analytics","routingKey":"wallet.*","service":"rabbitmq_consumer","timestamp":"2026-04-03T14:51:24.409Z"}
{"exchange":"refina_microservice","level":"info","message":"queue_bound","queue":"refina-analytics","routingKey":"transaction.*","service":"rabbitmq_consumer","timestamp":"2026-04-03T14:51:24.411Z"}
{"exchange":"refina_microservice","level":"info","message":"queue_bound","queue":"refina-analytics","routingKey":"investment.*","service":"rabbitmq_consumer","timestamp":"2026-04-03T14:51:24.413Z"}
{"bindings":["wallet.*","transaction.*","investment.*"],"exchange":"refina_microservice","level":"info","maxRetry":4,"message":"consumer_ready","queue":"refina-analytics","retryDelayMs":15000,"retryQueue":"refina-analytics.retry","service":"rabbitmq_consumer","timestamp":"2026-04-03T14:51:24.422Z"}
{"level":"info","message":"shutdown_started","service":"main","timestamp":"2026-04-03T14:51:26.837Z"}
{"level":"info","message":"grpc_server_shutdown","service":"grpc_server","timestamp":"2026-04-03T14:51:26.839Z"}
{"level":"warn","message":"channel_closed","service":"rabbitmq_consumer","timestamp":"2026-04-03T14:51:26.845Z"}
{"level":"info","message":"rabbitmq_connection_closed","service":"rabbitmq","timestamp":"2026-04-03T14:51:26.853Z"}
{"level":"info","message":"db_connected","service":"database","timestamp":"2026-04-03T14:51:29.858Z"}
{"docs_url":"/api-docs","json_url":"/api-docs.json","level":"info","message":"swagger_ui_started","service":"http_server","timestamp":"2026-04-03T14:51:29.874Z","yaml_url":"/api-docs.yaml"}
{"env":"development","level":"info","log_level":"debug","message":"http_server_started","port":8012,"service":"http_server","timestamp":"2026-04-03T14:51:29.891Z"}
{"level":"info","message":"grpc_server_started","port":10004,"service":"grpc_server","timestamp":"2026-04-03T14:51:29.895Z"}
{"level":"info","message":"rabbitmq_connected","service":"rabbitmq","timestamp":"2026-04-03T14:51:29.947Z"}
{"exchange":"refina_microservice","level":"info","message":"queue_bound","queue":"refina-analytics","routingKey":"wallet.*","service":"rabbitmq_consumer","timestamp":"2026-04-03T14:51:29.956Z"}
{"exchange":"refina_microservice","level":"info","message":"queue_bound","queue":"refina-analytics","routingKey":"transaction.*","service":"rabbitmq_consumer","timestamp":"2026-04-03T14:51:29.957Z"}
{"exchange":"refina_microservice","level":"info","message":"queue_bound","queue":"refina-analytics","routingKey":"investment.*","service":"rabbitmq_consumer","timestamp":"2026-04-03T14:51:29.959Z"}
{"bindings":["wallet.*","transaction.*","investment.*"],"exchange":"refina_microservice","level":"info","maxRetry":4,"message":"consumer_ready","queue":"refina-analytics","retryDelayMs":15000,"retryQueue":"refina-analytics.retry","service":"rabbitmq_consumer","timestamp":"2026-04-03T14:51:29.970Z"}
{"level":"debug","message":"grpc_request_received","method":"/dashboard.DashboardService/GetCategoryTransactions","request_id":"b3fa7314-9cde-43d7-9008-34c1ec323a2d","service":"grpc_server","timestamp":"2026-04-03T14:51:34.235Z","user_id":"a79a39e5-d70f-41ae-b7e6-36246a99172d"}
{"level":"debug","message":"DEBUG: ","result":{"CategoryID":"f35cb6b8-9445-493b-8725-7a449cf35e84","CategoryName":"Asuransi Kendaraan","CategoryType":"expense","Transactions":[{"Description":"haaaaaa","TransactionDate":"2026-03-12T04:03:19.351Z","TransactionID":"789467b9-d356-4688-b31b-689809063060","WalletName":"Rosmerian"}]},"timestamp":"2026-04-03T14:51:34.350Z"}
{"error":"(result || []).map is not a function","handler":"getCategoryTransactions","level":"error","message":"grpc_handler_failed","request_id":"b3fa7314-9cde-43d7-9008-34c1ec323a2d","service":"grpc_server","timestamp":"2026-04-03T14:51:34.351Z","user_id":"a79a39e5-d70f-41ae-b7e6-36246a99172d"}
{"level":"info","message":"shutdown_started","service":"main","timestamp":"2026-04-03T14:52:07.739Z"}
{"level":"warn","message":"channel_closed","service":"rabbitmq_consumer","timestamp":"2026-04-03T14:52:07.754Z"}
{"level":"info","message":"grpc_server_shutdown","service":"grpc_server","timestamp":"2026-04-03T14:52:07.761Z"}
{"level":"info","message":"db_connected","service":"database","timestamp":"2026-04-03T14:52:27.429Z"}
{"docs_url":"/api-docs","json_url":"/api-docs.json","level":"info","message":"swagger_ui_started","service":"http_server","timestamp":"2026-04-03T14:52:27.582Z","yaml_url":"/api-docs.yaml"}
{"env":"development","level":"info","log_level":"debug","message":"http_server_started","port":8012,"service":"http_server","timestamp":"2026-04-03T14:52:27.611Z"}
{"level":"info","message":"grpc_server_started","port":10004,"service":"grpc_server","timestamp":"2026-04-03T14:52:27.625Z"}
{"level":"info","message":"rabbitmq_connected","service":"rabbitmq","timestamp":"2026-04-03T14:52:27.984Z"}
{"exchange":"refina_microservice","level":"info","message":"queue_bound","queue":"refina-analytics","routingKey":"wallet.*","service":"rabbitmq_consumer","timestamp":"2026-04-03T14:52:28.029Z"}
{"exchange":"refina_microservice","level":"info","message":"queue_bound","queue":"refina-analytics","routingKey":"transaction.*","service":"rabbitmq_consumer","timestamp":"2026-04-03T14:52:28.031Z"}
{"exchange":"refina_microservice","level":"info","message":"queue_bound","queue":"refina-analytics","routingKey":"investment.*","service":"rabbitmq_consumer","timestamp":"2026-04-03T14:52:28.033Z"}
{"bindings":["wallet.*","transaction.*","investment.*"],"exchange":"refina_microservice","level":"info","maxRetry":4,"message":"consumer_ready","queue":"refina-analytics","retryDelayMs":15000,"retryQueue":"refina-analytics.retry","service":"rabbitmq_consumer","timestamp":"2026-04-03T14:52:28.048Z"}
{"level":"info","message":"shutdown_started","service":"main","timestamp":"2026-04-03T14:52:48.153Z"}
{"level":"info","message":"grpc_server_shutdown","service":"grpc_server","timestamp":"2026-04-03T14:52:48.154Z"}
{"level":"warn","message":"channel_closed","service":"rabbitmq_consumer","timestamp":"2026-04-03T14:52:48.160Z"}
{"level":"info","message":"rabbitmq_connection_closed","service":"rabbitmq","timestamp":"2026-04-03T14:52:48.282Z"}
{"level":"info","message":"db_connected","service":"database","timestamp":"2026-04-03T14:52:56.089Z"}
{"docs_url":"/api-docs","json_url":"/api-docs.json","level":"info","message":"swagger_ui_started","service":"http_server","timestamp":"2026-04-03T14:52:56.110Z","yaml_url":"/api-docs.yaml"}
{"env":"development","level":"info","log_level":"debug","message":"http_server_started","port":8012,"service":"http_server","timestamp":"2026-04-03T14:52:56.121Z"}
{"level":"info","message":"grpc_server_started","port":10004,"service":"grpc_server","timestamp":"2026-04-03T14:52:56.127Z"}
{"level":"info","message":"rabbitmq_connected","service":"rabbitmq","timestamp":"2026-04-03T14:52:56.196Z"}
{"exchange":"refina_microservice","level":"info","message":"queue_bound","queue":"refina-analytics","routingKey":"wallet.*","service":"rabbitmq_consumer","timestamp":"2026-04-03T14:52:56.221Z"}
{"exchange":"refina_microservice","level":"info","message":"queue_bound","queue":"refina-analytics","routingKey":"transaction.*","service":"rabbitmq_consumer","timestamp":"2026-04-03T14:52:56.224Z"}
{"exchange":"refina_microservice","level":"info","message":"queue_bound","queue":"refina-analytics","routingKey":"investment.*","service":"rabbitmq_consumer","timestamp":"2026-04-03T14:52:56.226Z"}
{"bindings":["wallet.*","transaction.*","investment.*"],"exchange":"refina_microservice","level":"info","maxRetry":4,"message":"consumer_ready","queue":"refina-analytics","retryDelayMs":15000,"retryQueue":"refina-analytics.retry","service":"rabbitmq_consumer","timestamp":"2026-04-03T14:52:56.239Z"}
{"level":"info","message":"shutdown_started","service":"main","timestamp":"2026-04-03T14:52:58.611Z"}
{"level":"info","message":"grpc_server_shutdown","service":"grpc_server","timestamp":"2026-04-03T14:52:58.613Z"}
{"level":"warn","message":"channel_closed","service":"rabbitmq_consumer","timestamp":"2026-04-03T14:52:58.637Z"}
{"level":"info","message":"rabbitmq_connection_closed","service":"rabbitmq","timestamp":"2026-04-03T14:52:58.683Z"}
{"level":"info","message":"db_connected","service":"database","timestamp":"2026-04-03T14:53:11.466Z"}
{"docs_url":"/api-docs","json_url":"/api-docs.json","level":"info","message":"swagger_ui_started","service":"http_server","timestamp":"2026-04-03T14:53:11.490Z","yaml_url":"/api-docs.yaml"}
{"env":"development","level":"info","log_level":"debug","message":"http_server_started","port":8012,"service":"http_server","timestamp":"2026-04-03T14:53:11.501Z"}
{"level":"info","message":"grpc_server_started","port":10004,"service":"grpc_server","timestamp":"2026-04-03T14:53:11.504Z"}
{"level":"info","message":"rabbitmq_connected","service":"rabbitmq","timestamp":"2026-04-03T14:53:11.553Z"}
{"exchange":"refina_microservice","level":"info","message":"queue_bound","queue":"refina-analytics","routingKey":"wallet.*","service":"rabbitmq_consumer","timestamp":"2026-04-03T14:53:11.643Z"}
{"exchange":"refina_microservice","level":"info","message":"queue_bound","queue":"refina-analytics","routingKey":"transaction.*","service":"rabbitmq_consumer","timestamp":"2026-04-03T14:53:11.701Z"}
{"exchange":"refina_microservice","level":"info","message":"queue_bound","queue":"refina-analytics","routingKey":"investment.*","service":"rabbitmq_consumer","timestamp":"2026-04-03T14:53:11.705Z"}
{"bindings":["wallet.*","transaction.*","investment.*"],"exchange":"refina_microservice","level":"info","maxRetry":4,"message":"consumer_ready","queue":"refina-analytics","retryDelayMs":15000,"retryQueue":"refina-analytics.retry","service":"rabbitmq_consumer","timestamp":"2026-04-03T14:53:11.718Z"}
{"level":"debug","message":"grpc_request_received","method":"/dashboard.DashboardService/GetCategoryTransactions","request_id":"5af7642d-b7a1-43af-a692-9066b87061c6","service":"grpc_server","timestamp":"2026-04-03T14:53:20.039Z","user_id":"a79a39e5-d70f-41ae-b7e6-36246a99172d"}
{"level":"debug","message":"DEBUG: ","timestamp":"2026-04-03T14:53:20.330Z"}
{"level":"info","message":"shutdown_started","service":"main","timestamp":"2026-04-03T14:54:11.606Z"}
{"level":"warn","message":"channel_closed","service":"rabbitmq_consumer","timestamp":"2026-04-03T14:54:11.615Z"}
{"level":"info","message":"grpc_server_shutdown","service":"grpc_server","timestamp":"2026-04-03T14:54:11.619Z"}
{"level":"info","message":"rabbitmq_connection_closed","service":"rabbitmq","timestamp":"2026-04-03T14:54:11.629Z"}
{"level":"info","message":"db_connected","service":"database","timestamp":"2026-04-03T14:54:21.873Z"}
{"docs_url":"/api-docs","json_url":"/api-docs.json","level":"info","message":"swagger_ui_started","service":"http_server","timestamp":"2026-04-03T14:54:21.957Z","yaml_url":"/api-docs.yaml"}
{"env":"development","level":"info","log_level":"debug","message":"http_server_started","port":8012,"service":"http_server","timestamp":"2026-04-03T14:54:21.972Z"}
{"level":"info","message":"grpc_server_started","port":10004,"service":"grpc_server","timestamp":"2026-04-03T14:54:21.994Z"}
{"level":"info","message":"rabbitmq_connected","service":"rabbitmq","timestamp":"2026-04-03T14:54:22.180Z"}
{"exchange":"refina_microservice","level":"info","message":"queue_bound","queue":"refina-analytics","routingKey":"wallet.*","service":"rabbitmq_consumer","timestamp":"2026-04-03T14:54:22.827Z"}
{"exchange":"refina_microservice","level":"info","message":"queue_bound","queue":"refina-analytics","routingKey":"transaction.*","service":"rabbitmq_consumer","timestamp":"2026-04-03T14:54:22.889Z"}
{"exchange":"refina_microservice","level":"info","message":"queue_bound","queue":"refina-analytics","routingKey":"investment.*","service":"rabbitmq_consumer","timestamp":"2026-04-03T14:54:22.904Z"}
{"bindings":["wallet.*","transaction.*","investment.*"],"exchange":"refina_microservice","level":"info","maxRetry":4,"message":"consumer_ready","queue":"refina-analytics","retryDelayMs":15000,"retryQueue":"refina-analytics.retry","service":"rabbitmq_consumer","timestamp":"2026-04-03T14:54:22.986Z"}
{"level":"info","message":"shutdown_started","service":"main","timestamp":"2026-04-03T14:55:09.263Z"}
{"level":"info","message":"grpc_server_shutdown","service":"grpc_server","timestamp":"2026-04-03T14:55:09.265Z"}
{"level":"warn","message":"channel_closed","service":"rabbitmq_consumer","timestamp":"2026-04-03T14:55:09.273Z"}
{"level":"info","message":"db_connected","service":"database","timestamp":"2026-04-03T14:55:16.258Z"}
{"docs_url":"/api-docs","json_url":"/api-docs.json","level":"info","message":"swagger_ui_started","service":"http_server","timestamp":"2026-04-03T14:55:16.283Z","yaml_url":"/api-docs.yaml"}
{"env":"development","level":"info","log_level":"debug","message":"http_server_started","port":8012,"service":"http_server","timestamp":"2026-04-03T14:55:16.299Z"}
{"level":"info","message":"grpc_server_started","port":10004,"service":"grpc_server","timestamp":"2026-04-03T14:55:16.304Z"}
{"level":"info","message":"rabbitmq_connected","service":"rabbitmq","timestamp":"2026-04-03T14:55:16.355Z"}
{"exchange":"refina_microservice","level":"info","message":"queue_bound","queue":"refina-analytics","routingKey":"wallet.*","service":"rabbitmq_consumer","timestamp":"2026-04-03T14:55:16.368Z"}
{"exchange":"refina_microservice","level":"info","message":"queue_bound","queue":"refina-analytics","routingKey":"transaction.*","service":"rabbitmq_consumer","timestamp":"2026-04-03T14:55:16.370Z"}
{"exchange":"refina_microservice","level":"info","message":"queue_bound","queue":"refina-analytics","routingKey":"investment.*","service":"rabbitmq_consumer","timestamp":"2026-04-03T14:55:16.372Z"}
{"bindings":["wallet.*","transaction.*","investment.*"],"exchange":"refina_microservice","level":"info","maxRetry":4,"message":"consumer_ready","queue":"refina-analytics","retryDelayMs":15000,"retryQueue":"refina-analytics.retry","service":"rabbitmq_consumer","timestamp":"2026-04-03T14:55:16.381Z"}
{"level":"debug","message":"grpc_request_received","method":"/dashboard.DashboardService/GetUserTransactions","request_id":"6820b82e-ac12-4bbc-aca2-2f9ce9a26441","service":"grpc_server","timestamp":"2026-04-03T14:55:18.615Z","user_id":"a79a39e5-d70f-41ae-b7e6-36246a99172d"}
{"level":"debug","message":"grpc_request_received","method":"/dashboard.DashboardService/GetCategoryTransactions","request_id":"27886a41-6a14-4857-b07f-d6d178f5afcf","service":"grpc_server","timestamp":"2026-04-03T14:55:24.559Z","user_id":"a79a39e5-d70f-41ae-b7e6-36246a99172d"}
{"level":"debug","message":"DEBUG: ","result":[{"Description":"Biaya hidup KIP","TransactionDate":"2025-10-06T07:53:08.000Z","TransactionID":"eb59c58e-975e-409c-a6c3-a28aef4037bf","WalletName":"BTN KIP Kuliah"},{"Description":"Kembalian beli pulsa","TransactionDate":"2025-06-26T10:22:50.000Z","TransactionID":"27f24040-ab3f-4f97-8bdf-ba336e490579","WalletName":"Dompet"},{"Description":"hadiah servis motor","TransactionDate":"2025-06-09T02:15:36.000Z","TransactionID":"2abe5a98-cc70-4e82-a6cf-7bc47a06c636","WalletName":"Dompet"},{"Description":"THR Magang","TransactionDate":"2025-04-02T09:08:59.000Z","TransactionID":"983cad5f-8307-40b4-b780-223f1f409b08","WalletName":"Celengan"}],"timestamp":"2026-04-03T14:55:24.955Z"}
{"error":"t.setId is not a function","handler":"getCategoryTransactions","level":"error","message":"grpc_handler_failed","request_id":"27886a41-6a14-4857-b07f-d6d178f5afcf","service":"grpc_server","timestamp":"2026-04-03T14:55:24.956Z","user_id":"a79a39e5-d70f-41ae-b7e6-36246a99172d"}
{"level":"info","message":"shutdown_started","service":"main","timestamp":"2026-04-03T14:55:42.655Z"}
{"level":"warn","message":"channel_closed","service":"rabbitmq_consumer","timestamp":"2026-04-03T14:55:42.668Z"}
{"level":"info","message":"db_connected","service":"database","timestamp":"2026-04-03T14:56:09.087Z"}
{"docs_url":"/api-docs","json_url":"/api-docs.json","level":"info","message":"swagger_ui_started","service":"http_server","timestamp":"2026-04-03T14:56:09.104Z","yaml_url":"/api-docs.yaml"}
{"env":"development","level":"info","log_level":"debug","message":"http_server_started","port":8012,"service":"http_server","timestamp":"2026-04-03T14:56:09.117Z"}
{"level":"info","message":"grpc_server_started","port":10004,"service":"grpc_server","timestamp":"2026-04-03T14:56:09.125Z"}
{"level":"info","message":"rabbitmq_connected","service":"rabbitmq","timestamp":"2026-04-03T14:56:09.178Z"}
{"exchange":"refina_microservice","level":"info","message":"queue_bound","queue":"refina-analytics","routingKey":"wallet.*","service":"rabbitmq_consumer","timestamp":"2026-04-03T14:56:09.195Z"}
{"exchange":"refina_microservice","level":"info","message":"queue_bound","queue":"refina-analytics","routingKey":"transaction.*","service":"rabbitmq_consumer","timestamp":"2026-04-03T14:56:09.197Z"}
{"exchange":"refina_microservice","level":"info","message":"queue_bound","queue":"refina-analytics","routingKey":"investment.*","service":"rabbitmq_consumer","timestamp":"2026-04-03T14:56:09.199Z"}
{"bindings":["wallet.*","transaction.*","investment.*"],"exchange":"refina_microservice","level":"info","maxRetry":4,"message":"consumer_ready","queue":"refina-analytics","retryDelayMs":15000,"retryQueue":"refina-analytics.retry","service":"rabbitmq_consumer","timestamp":"2026-04-03T14:56:09.210Z"}
{"level":"debug","message":"grpc_request_received","method":"/dashboard.DashboardService/GetCategoryTransactions","request_id":"c0872fde-259d-4371-8035-eb3b95710d31","service":"grpc_server","timestamp":"2026-04-03T14:56:30.099Z","user_id":"a79a39e5-d70f-41ae-b7e6-36246a99172d"}
{"level":"debug","message":"DEBUG: ","result":{"CategoryID":"e6a3af62-02ca-4d6e-b786-583d4438e5ea","CategoryName":"Sedekah","CategoryType":"expense","Transactions":[{"Description":"HP Infinix Hot 60 Pro Adek","TransactionDate":"2026-02-08T08:30:54.000Z","TransactionID":"a532a178-8f25-428a-aa63-2e53e48648e0","WalletName":"BCA Xpresi"},{"Description":"Infaq","TransactionDate":"2026-01-30T08:27:36.000Z","TransactionID":"85f8b4e1-48cb-4c5c-8c99-1be21957bea8","WalletName":"Dompet"},{"Description":"paketan mama","TransactionDate":"2026-01-24T16:32:29.000Z","TransactionID":"c256ebcc-b5ee-4090-99df-98b309d8c8e1","WalletName":"BCA Xpresi"},{"Description":"paketan adek","TransactionDate":"2026-01-22T09:33:21.000Z","TransactionID":"9b628e77-8b04-4744-ad6b-895513920930","WalletName":"BCA Xpresi"},{"Description":"Infaq","TransactionDate":"2026-01-16T13:22:36.000Z","TransactionID":"0749935f-f361-45f8-a6aa-348aada6e265","WalletName":"Dompet"},{"Description":"Paketan adek","TransactionDate":"2026-01-08T06:52:33.000Z","TransactionID":"42dbe4e9-a234-499a-8b6d-85c3d4eef15e","WalletName":"BCA Xpresi"},{"Description":"pulsa mama","TransactionDate":"2025-12-31T08:40:08.000Z","TransactionID":"2433a85c-1b62-4a20-9877-53159e112f5b","WalletName":"BCA Xpresi"},{"Description":"Infaq","TransactionDate":"2025-12-26T07:30:17.000Z","TransactionID":"eb883f8a-16fb-42a8-a200-a71bf005d3ae","WalletName":"Dompet"},{"Description":"Paketan adek","TransactionDate":"2025-12-10T10:19:30.000Z","TransactionID":"092d3c19-8dc9-493f-9cfe-7bae4d9b7c9e","WalletName":"BCA Xpresi"},{"Description":"Mesin cuci mama","TransactionDate":"2025-12-08T10:17:19.000Z","TransactionID":"fd20ea28-c10c-41b2-bdf4-16613a3eea01","WalletName":"BCA Xpresi"},{"Description":"celana adek","TransactionDate":"2025-11-23T21:49:59.000Z","TransactionID":"b73637b1-00b2-429e-82e5-b9a6281e8f3d","WalletName":"Dompet"},{"Description":"Infaq","TransactionDate":"2025-11-14T05:33:52.000Z","TransactionID":"503ce7ec-d848-4ccf-89e4-a39dee4babbc","WalletName":"Dompet"},{"Description":"mama & adek","TransactionDate":"2025-11-01T09:42:01.000Z","TransactionID":"55f0b889-75bd-4b6e-a0d0-19f2b003d32f","WalletName":"Dompet"},{"Description":"Adek + mama","TransactionDate":"2025-10-02T10:30:30.000Z","TransactionID":"81b96c62-6862-4a68-b627-079ce25c69c9","WalletName":"Dompet"},{"Description":"mama & adek","TransactionDate":"2025-09-02T07:08:38.000Z","TransactionID":"addefe4e-2f24-4ad5-887f-73caa895e122","WalletName":"Dompet"},{"Description":"mama & adek","TransactionDate":"2025-08-02T07:47:47.000Z","TransactionID":"98411cf1-c53d-416e-aa39-d1affa5ee097","WalletName":"Dompet"},{"Description":"Infaq jumatan","TransactionDate":"2025-08-01T07:47:11.000Z","TransactionID":"24d0204c-7cc1-4840-9fa9-3341d39963bb","WalletName":"Dompet"},{"Description":"mama & adek","TransactionDate":"2025-07-01T06:29:27.000Z","TransactionID":"818ae0ca-e3bd-4c73-b2d5-e453b2228c38","WalletName":"Dompet"},{"Description":"Adek","TransactionDate":"2025-06-01T12:32:01.000Z","TransactionID":"b2e636d9-61e6-48ed-aded-61d6865c7a2e","WalletName":"Dompet"},{"Description":"Mama","TransactionDate":"2025-06-01T12:30:50.000Z","TransactionID":"d0da63ba-1e19-41bc-b936-108ec44ced89","WalletName":"Dompet"},{"Description":"adik","TransactionDate":"2025-04-25T01:33:03.000Z","TransactionID":"1a7d249c-3006-428b-88ab-a44bae90e592","WalletName":"Dompet"},{"Description":"mama","TransactionDate":"2025-04-25T01:32:18.000Z","TransactionID":"79dffe1b-57b0-4214-a4c9-78ec0e7cd05d","WalletName":"Dompet"}]},"timestamp":"2026-04-03T14:56:30.483Z"}
{"error":"(result || []).map is not a function","handler":"getCategoryTransactions","level":"error","message":"grpc_handler_failed","request_id":"c0872fde-259d-4371-8035-eb3b95710d31","service":"grpc_server","timestamp":"2026-04-03T14:56:30.484Z","user_id":"a79a39e5-d70f-41ae-b7e6-36246a99172d"}
{"level":"info","message":"shutdown_started","service":"main","timestamp":"2026-04-03T14:57:16.017Z"}
{"level":"warn","message":"channel_closed","service":"rabbitmq_consumer","timestamp":"2026-04-03T14:57:16.182Z"}
{"level":"info","message":"grpc_server_shutdown","service":"grpc_server","timestamp":"2026-04-03T14:57:16.193Z"}
{"level":"info","message":"rabbitmq_connection_closed","service":"rabbitmq","timestamp":"2026-04-03T14:57:16.237Z"}
{"level":"info","message":"db_connected","service":"database","timestamp":"2026-04-03T14:57:22.326Z"}
{"docs_url":"/api-docs","json_url":"/api-docs.json","level":"info","message":"swagger_ui_started","service":"http_server","timestamp":"2026-04-03T14:57:22.544Z","yaml_url":"/api-docs.yaml"}
{"env":"development","level":"info","log_level":"debug","message":"http_server_started","port":8012,"service":"http_server","timestamp":"2026-04-03T14:57:22.556Z"}
{"level":"info","message":"grpc_server_started","port":10004,"service":"grpc_server","timestamp":"2026-04-03T14:57:22.562Z"}
{"level":"info","message":"rabbitmq_connected","service":"rabbitmq","timestamp":"2026-04-03T14:57:22.777Z"}
{"exchange":"refina_microservice","level":"info","message":"queue_bound","queue":"refina-analytics","routingKey":"wallet.*","service":"rabbitmq_consumer","timestamp":"2026-04-03T14:57:22.979Z"}
{"exchange":"refina_microservice","level":"info","message":"queue_bound","queue":"refina-analytics","routingKey":"transaction.*","service":"rabbitmq_consumer","timestamp":"2026-04-03T14:57:22.984Z"}
{"exchange":"refina_microservice","level":"info","message":"queue_bound","queue":"refina-analytics","routingKey":"investment.*","service":"rabbitmq_consumer","timestamp":"2026-04-03T14:57:22.988Z"}
{"bindings":["wallet.*","transaction.*","investment.*"],"exchange":"refina_microservice","level":"info","maxRetry":4,"message":"consumer_ready","queue":"refina-analytics","retryDelayMs":15000,"retryQueue":"refina-analytics.retry","service":"rabbitmq_consumer","timestamp":"2026-04-03T14:57:23.284Z"}
{"level":"info","message":"shutdown_started","service":"main","timestamp":"2026-04-03T14:57:54.185Z"}
{"level":"info","message":"grpc_server_shutdown","service":"grpc_server","timestamp":"2026-04-03T14:57:54.187Z"}
{"level":"warn","message":"channel_closed","service":"rabbitmq_consumer","timestamp":"2026-04-03T14:57:54.194Z"}
{"level":"info","message":"rabbitmq_connection_closed","service":"rabbitmq","timestamp":"2026-04-03T14:57:54.202Z"}
{"level":"info","message":"db_connected","service":"database","timestamp":"2026-04-03T14:58:02.649Z"}
{"docs_url":"/api-docs","json_url":"/api-docs.json","level":"info","message":"swagger_ui_started","service":"http_server","timestamp":"2026-04-03T14:58:02.698Z","yaml_url":"/api-docs.yaml"}
{"env":"development","level":"info","log_level":"debug","message":"http_server_started","port":8012,"service":"http_server","timestamp":"2026-04-03T14:58:02.707Z"}
{"level":"info","message":"grpc_server_started","port":10004,"service":"grpc_server","timestamp":"2026-04-03T14:58:02.711Z"}
{"level":"info","message":"rabbitmq_connected","service":"rabbitmq","timestamp":"2026-04-03T14:58:02.802Z"}
{"exchange":"refina_microservice","level":"info","message":"queue_bound","queue":"refina-analytics","routingKey":"wallet.*","service":"rabbitmq_consumer","timestamp":"2026-04-03T14:58:02.854Z"}
{"exchange":"refina_microservice","level":"info","message":"queue_bound","queue":"refina-analytics","routingKey":"transaction.*","service":"rabbitmq_consumer","timestamp":"2026-04-03T14:58:02.856Z"}
{"exchange":"refina_microservice","level":"info","message":"queue_bound","queue":"refina-analytics","routingKey":"investment.*","service":"rabbitmq_consumer","timestamp":"2026-04-03T14:58:02.857Z"}
{"bindings":["wallet.*","transaction.*","investment.*"],"exchange":"refina_microservice","level":"info","maxRetry":4,"message":"consumer_ready","queue":"refina-analytics","retryDelayMs":15000,"retryQueue":"refina-analytics.retry","service":"rabbitmq_consumer","timestamp":"2026-04-03T14:58:02.866Z"}
{"level":"debug","message":"grpc_request_received","method":"/dashboard.DashboardService/GetCategoryTransactions","request_id":"4446cc07-fa69-4315-b90d-c40f9427a11a","service":"grpc_server","timestamp":"2026-04-03T14:58:51.855Z","user_id":"a79a39e5-d70f-41ae-b7e6-36246a99172d"}
{"level":"debug","message":"DEBUG: ","result":[{"Description":"Reksadana BRI Indeks Syariah Bibit","TransactionDate":"2025-11-23T07:41:57.000Z","TransactionID":"ef278716-d0c6-44c2-872c-15230f4cac07","WalletName":"BCA Xpresi"},{"Description":"Reksadana Obligasi Trimegah Dana Tetap Syariah Kelas A Bibit","TransactionDate":"2025-10-08T11:00:26.000Z","TransactionID":"e032f6e9-cdfa-4f58-bdeb-f9aca0f465ae","WalletName":"BCA Xpresi"},{"Description":"Reksadana BRI Indeks Syariah Bibit","TransactionDate":"2025-10-04T06:22:41.000Z","TransactionID":"2b139b1f-5339-4480-b284-b7195f50e9a7","WalletName":"BCA Xpresi"},{"Description":"Reksadana BRI Indeks Syariah Bibit","TransactionDate":"2025-08-21T06:11:19.000Z","TransactionID":"ecf90911-a36d-477a-8b64-cc7318cc5e87","WalletName":"BCA Xpresi"},{"Description":"Reksadana BRI Indeks Syariah Bibit","TransactionDate":"2025-07-27T17:41:29.000Z","TransactionID":"0ebe7bb8-63b5-46ba-98c6-1bacbd62e56f","WalletName":"BCA Xpresi"}],"timestamp":"2026-04-03T14:58:52.146Z"}
{"error":"t.setId is not a function","handler":"getCategoryTransactions","level":"error","message":"grpc_handler_failed","request_id":"4446cc07-fa69-4315-b90d-c40f9427a11a","service":"grpc_server","timestamp":"2026-04-03T14:58:52.148Z","user_id":"a79a39e5-d70f-41ae-b7e6-36246a99172d"}
{"level":"info","message":"shutdown_started","service":"main","timestamp":"2026-04-03T15:00:21.075Z"}
{"level":"warn","message":"channel_closed","service":"rabbitmq_consumer","timestamp":"2026-04-03T15:00:21.172Z"}
{"level":"info","message":"grpc_server_shutdown","service":"grpc_server","timestamp":"2026-04-03T15:00:21.178Z"}
{"level":"info","message":"rabbitmq_connection_closed","service":"rabbitmq","timestamp":"2026-04-03T15:00:21.203Z"}
{"level":"info","message":"db_connected","service":"database","timestamp":"2026-04-03T15:00:26.927Z"}
{"docs_url":"/api-docs","json_url":"/api-docs.json","level":"info","message":"swagger_ui_started","service":"http_server","timestamp":"2026-04-03T15:00:26.943Z","yaml_url":"/api-docs.yaml"}
{"env":"development","level":"info","log_level":"debug","message":"http_server_started","port":8012,"service":"http_server","timestamp":"2026-04-03T15:00:26.957Z"}
{"level":"info","message":"grpc_server_started","port":10004,"service":"grpc_server","timestamp":"2026-04-03T15:00:26.962Z"}
{"level":"info","message":"rabbitmq_connected","service":"rabbitmq","timestamp":"2026-04-03T15:00:27.038Z"}
{"exchange":"refina_microservice","level":"info","message":"queue_bound","queue":"refina-analytics","routingKey":"wallet.*","service":"rabbitmq_consumer","timestamp":"2026-04-03T15:00:27.067Z"}
{"exchange":"refina_microservice","level":"info","message":"queue_bound","queue":"refina-analytics","routingKey":"transaction.*","service":"rabbitmq_consumer","timestamp":"2026-04-03T15:00:27.069Z"}
{"exchange":"refina_microservice","level":"info","message":"queue_bound","queue":"refina-analytics","routingKey":"investment.*","service":"rabbitmq_consumer","timestamp":"2026-04-03T15:00:27.071Z"}
{"bindings":["wallet.*","transaction.*","investment.*"],"exchange":"refina_microservice","level":"info","maxRetry":4,"message":"consumer_ready","queue":"refina-analytics","retryDelayMs":15000,"retryQueue":"refina-analytics.retry","service":"rabbitmq_consumer","timestamp":"2026-04-03T15:00:27.092Z"}
{"level":"debug","message":"grpc_request_received","method":"/dashboard.DashboardService/GetCategoryTransactions","request_id":"2ea1999d-b774-4594-a80e-5a3caf082845","service":"grpc_server","timestamp":"2026-04-03T15:00:27.208Z","user_id":"a79a39e5-d70f-41ae-b7e6-36246a99172d"}
{"level":"debug","message":"DEBUG: ","result":[{"Description":"Reksadana BRI Indeks Syariah Bibit","TransactionDate":"2025-11-23T07:41:57.000Z","TransactionID":"ef278716-d0c6-44c2-872c-15230f4cac07","WalletName":"BCA Xpresi"},{"Description":"Reksadana Obligasi Trimegah Dana Tetap Syariah Kelas A Bibit","TransactionDate":"2025-10-08T11:00:26.000Z","TransactionID":"e032f6e9-cdfa-4f58-bdeb-f9aca0f465ae","WalletName":"BCA Xpresi"},{"Description":"Reksadana BRI Indeks Syariah Bibit","TransactionDate":"2025-10-04T06:22:41.000Z","TransactionID":"2b139b1f-5339-4480-b284-b7195f50e9a7","WalletName":"BCA Xpresi"},{"Description":"Reksadana BRI Indeks Syariah Bibit","TransactionDate":"2025-08-21T06:11:19.000Z","TransactionID":"ecf90911-a36d-477a-8b64-cc7318cc5e87","WalletName":"BCA Xpresi"},{"Description":"Reksadana BRI Indeks Syariah Bibit","TransactionDate":"2025-07-27T17:41:29.000Z","TransactionID":"0ebe7bb8-63b5-46ba-98c6-1bacbd62e56f","WalletName":"BCA Xpresi"}],"timestamp":"2026-04-03T15:00:28.561Z"}
{"level":"info","message":"shutdown_started","service":"main","timestamp":"2026-04-03T15:07:06.310Z"}
{"level":"warn","message":"channel_closed","service":"rabbitmq_consumer","timestamp":"2026-04-03T15:07:06.417Z"}
{"level":"info","message":"grpc_server_shutdown","service":"grpc_server","timestamp":"2026-04-03T15:07:06.441Z"}
{"level":"info","message":"rabbitmq_connection_closed","service":"rabbitmq","timestamp":"2026-04-03T15:07:06.489Z"}
{"level":"info","message":"db_connected","service":"database","timestamp":"2026-04-03T15:07:16.013Z"}
{"docs_url":"/api-docs","json_url":"/api-docs.json","level":"info","message":"swagger_ui_started","service":"http_server","timestamp":"2026-04-03T15:07:16.088Z","yaml_url":"/api-docs.yaml"}
{"env":"development","level":"info","log_level":"debug","message":"http_server_started","port":8012,"service":"http_server","timestamp":"2026-04-03T15:07:16.100Z"}
{"level":"info","message":"grpc_server_started","port":10004,"service":"grpc_server","timestamp":"2026-04-03T15:07:16.104Z"}
{"level":"info","message":"rabbitmq_connected","service":"rabbitmq","timestamp":"2026-04-03T15:07:16.274Z"}
{"exchange":"refina_microservice","level":"info","message":"queue_bound","queue":"refina-analytics","routingKey":"wallet.*","service":"rabbitmq_consumer","timestamp":"2026-04-03T15:07:16.337Z"}
{"exchange":"refina_microservice","level":"info","message":"queue_bound","queue":"refina-analytics","routingKey":"transaction.*","service":"rabbitmq_consumer","timestamp":"2026-04-03T15:07:16.340Z"}
{"exchange":"refina_microservice","level":"info","message":"queue_bound","queue":"refina-analytics","routingKey":"investment.*","service":"rabbitmq_consumer","timestamp":"2026-04-03T15:07:16.344Z"}
{"bindings":["wallet.*","transaction.*","investment.*"],"exchange":"refina_microservice","level":"info","maxRetry":4,"message":"consumer_ready","queue":"refina-analytics","retryDelayMs":15000,"retryQueue":"refina-analytics.retry","service":"rabbitmq_consumer","timestamp":"2026-04-03T15:07:16.572Z"}
{"level":"debug","message":"grpc_request_received","method":"/dashboard.DashboardService/GetCategoryTransactions","request_id":"161c86a8-0243-4254-89e1-6bb078a3868a","service":"grpc_server","timestamp":"2026-04-03T15:07:21.749Z","user_id":"a79a39e5-d70f-41ae-b7e6-36246a99172d"}
{"level":"debug","message":"DEBUG: ","result":[{"Description":"mas wisnu nikah","TransactionDate":"2025-06-09T02:16:15.000Z","TransactionID":"e7aae996-afb0-4697-b428-82f70eafcd74","WalletName":"Dompet"}],"timestamp":"2026-04-03T15:07:22.054Z"}
{"level":"info","message":"shutdown_started","service":"main","timestamp":"2026-04-03T15:07:40.652Z"}
{"level":"warn","message":"channel_closed","service":"rabbitmq_consumer","timestamp":"2026-04-03T15:07:40.694Z"}
{"level":"info","message":"grpc_server_shutdown","service":"grpc_server","timestamp":"2026-04-03T15:07:40.701Z"}
{"level":"info","message":"rabbitmq_connection_closed","service":"rabbitmq","timestamp":"2026-04-03T15:07:40.733Z"}
{"level":"info","message":"db_connected","service":"database","timestamp":"2026-04-03T15:07:46.005Z"}
{"docs_url":"/api-docs","json_url":"/api-docs.json","level":"info","message":"swagger_ui_started","service":"http_server","timestamp":"2026-04-03T15:07:46.024Z","yaml_url":"/api-docs.yaml"}
{"env":"development","level":"info","log_level":"debug","message":"http_server_started","port":8012,"service":"http_server","timestamp":"2026-04-03T15:07:46.035Z"}
{"level":"info","message":"grpc_server_started","port":10004,"service":"grpc_server","timestamp":"2026-04-03T15:07:46.043Z"}
{"level":"info","message":"rabbitmq_connected","service":"rabbitmq","timestamp":"2026-04-03T15:07:46.104Z"}
{"exchange":"refina_microservice","level":"info","message":"queue_bound","queue":"refina-analytics","routingKey":"wallet.*","service":"rabbitmq_consumer","timestamp":"2026-04-03T15:07:46.129Z"}
{"exchange":"refina_microservice","level":"info","message":"queue_bound","queue":"refina-analytics","routingKey":"transaction.*","service":"rabbitmq_consumer","timestamp":"2026-04-03T15:07:46.131Z"}
{"exchange":"refina_microservice","level":"info","message":"queue_bound","queue":"refina-analytics","routingKey":"investment.*","service":"rabbitmq_consumer","timestamp":"2026-04-03T15:07:46.133Z"}
{"bindings":["wallet.*","transaction.*","investment.*"],"exchange":"refina_microservice","level":"info","maxRetry":4,"message":"consumer_ready","queue":"refina-analytics","retryDelayMs":15000,"retryQueue":"refina-analytics.retry","service":"rabbitmq_consumer","timestamp":"2026-04-03T15:07:46.143Z"}
{"level":"info","message":"shutdown_started","service":"main","timestamp":"2026-04-03T15:11:01.728Z"}
{"level":"info","message":"grpc_server_shutdown","service":"grpc_server","timestamp":"2026-04-03T15:11:01.762Z"}
{"level":"warn","message":"channel_closed","service":"rabbitmq_consumer","timestamp":"2026-04-03T15:11:01.805Z"}
{"level":"info","message":"rabbitmq_connection_closed","service":"rabbitmq","timestamp":"2026-04-03T15:11:02.135Z"}
{"level":"info","message":"db_connected","service":"database","timestamp":"2026-04-03T15:11:15.321Z"}
{"docs_url":"/api-docs","json_url":"/api-docs.json","level":"info","message":"swagger_ui_started","service":"http_server","timestamp":"2026-04-03T15:11:15.340Z","yaml_url":"/api-docs.yaml"}
{"env":"development","level":"info","log_level":"debug","message":"http_server_started","port":8012,"service":"http_server","timestamp":"2026-04-03T15:11:15.352Z"}
{"level":"info","message":"grpc_server_started","port":10004,"service":"grpc_server","timestamp":"2026-04-03T15:11:15.356Z"}
{"level":"info","message":"rabbitmq_connected","service":"rabbitmq","timestamp":"2026-04-03T15:11:15.623Z"}
{"exchange":"refina_microservice","level":"info","message":"queue_bound","queue":"refina-analytics","routingKey":"wallet.*","service":"rabbitmq_consumer","timestamp":"2026-04-03T15:11:15.663Z"}
{"exchange":"refina_microservice","level":"info","message":"queue_bound","queue":"refina-analytics","routingKey":"transaction.*","service":"rabbitmq_consumer","timestamp":"2026-04-03T15:11:15.666Z"}
{"exchange":"refina_microservice","level":"info","message":"queue_bound","queue":"refina-analytics","routingKey":"investment.*","service":"rabbitmq_consumer","timestamp":"2026-04-03T15:11:15.667Z"}
{"bindings":["wallet.*","transaction.*","investment.*"],"exchange":"refina_microservice","level":"info","maxRetry":4,"message":"consumer_ready","queue":"refina-analytics","retryDelayMs":15000,"retryQueue":"refina-analytics.retry","service":"rabbitmq_consumer","timestamp":"2026-04-03T15:11:15.681Z"}
{"level":"info","message":"shutdown_started","service":"main","timestamp":"2026-04-03T15:11:23.322Z"}
{"level":"info","message":"grpc_server_shutdown","service":"grpc_server","timestamp":"2026-04-03T15:11:23.325Z"}
{"level":"warn","message":"channel_closed","service":"rabbitmq_consumer","timestamp":"2026-04-03T15:11:23.333Z"}
{"level":"info","message":"rabbitmq_connection_closed","service":"rabbitmq","timestamp":"2026-04-03T15:11:23.526Z"}
{"level":"info","message":"db_connected","service":"database","timestamp":"2026-04-03T15:11:29.959Z"}
{"docs_url":"/api-docs","json_url":"/api-docs.json","level":"info","message":"swagger_ui_started","service":"http_server","timestamp":"2026-04-03T15:11:29.992Z","yaml_url":"/api-docs.yaml"}
{"env":"development","level":"info","log_level":"debug","message":"http_server_started","port":8012,"service":"http_server","timestamp":"2026-04-03T15:11:30.000Z"}
{"level":"info","message":"grpc_server_started","port":10004,"service":"grpc_server","timestamp":"2026-04-03T15:11:30.003Z"}
{"level":"info","message":"rabbitmq_connected","service":"rabbitmq","timestamp":"2026-04-03T15:11:30.086Z"}
{"exchange":"refina_microservice","level":"info","message":"queue_bound","queue":"refina-analytics","routingKey":"wallet.*","service":"rabbitmq_consumer","timestamp":"2026-04-03T15:11:30.112Z"}
{"exchange":"refina_microservice","level":"info","message":"queue_bound","queue":"refina-analytics","routingKey":"transaction.*","service":"rabbitmq_consumer","timestamp":"2026-04-03T15:11:30.115Z"}
{"exchange":"refina_microservice","level":"info","message":"queue_bound","queue":"refina-analytics","routingKey":"investment.*","service":"rabbitmq_consumer","timestamp":"2026-04-03T15:11:30.117Z"}
{"bindings":["wallet.*","transaction.*","investment.*"],"exchange":"refina_microservice","level":"info","maxRetry":4,"message":"consumer_ready","queue":"refina-analytics","retryDelayMs":15000,"retryQueue":"refina-analytics.retry","service":"rabbitmq_consumer","timestamp":"2026-04-03T15:11:30.125Z"}
{"level":"info","message":"shutdown_started","service":"main","timestamp":"2026-04-03T15:12:00.391Z"}
{"level":"info","message":"grpc_server_shutdown","service":"grpc_server","timestamp":"2026-04-03T15:12:00.409Z"}
{"level":"warn","message":"channel_closed","service":"rabbitmq_consumer","timestamp":"2026-04-03T15:12:00.562Z"}
{"level":"info","message":"rabbitmq_connection_closed","service":"rabbitmq","timestamp":"2026-04-03T15:12:00.684Z"}
{"level":"info","message":"db_connected","service":"database","timestamp":"2026-04-03T15:12:16.356Z"}
{"docs_url":"/api-docs","json_url":"/api-docs.json","level":"info","message":"swagger_ui_started","service":"http_server","timestamp":"2026-04-03T15:12:16.371Z","yaml_url":"/api-docs.yaml"}
{"env":"development","level":"info","log_level":"debug","message":"http_server_started","port":8012,"service":"http_server","timestamp":"2026-04-03T15:12:16.382Z"}
{"level":"info","message":"grpc_server_started","port":10004,"service":"grpc_server","timestamp":"2026-04-03T15:12:16.387Z"}
{"level":"info","message":"rabbitmq_connected","service":"rabbitmq","timestamp":"2026-04-03T15:12:16.878Z"}
{"exchange":"refina_microservice","level":"info","message":"queue_bound","queue":"refina-analytics","routingKey":"wallet.*","service":"rabbitmq_consumer","timestamp":"2026-04-03T15:12:16.907Z"}
{"exchange":"refina_microservice","level":"info","message":"queue_bound","queue":"refina-analytics","routingKey":"transaction.*","service":"rabbitmq_consumer","timestamp":"2026-04-03T15:12:16.918Z"}
{"exchange":"refina_microservice","level":"info","message":"queue_bound","queue":"refina-analytics","routingKey":"investment.*","service":"rabbitmq_consumer","timestamp":"2026-04-03T15:12:16.922Z"}
{"bindings":["wallet.*","transaction.*","investment.*"],"exchange":"refina_microservice","level":"info","maxRetry":4,"message":"consumer_ready","queue":"refina-analytics","retryDelayMs":15000,"retryQueue":"refina-analytics.retry","service":"rabbitmq_consumer","timestamp":"2026-04-03T15:12:16.964Z"}
{"level":"info","message":"shutdown_started","service":"main","timestamp":"2026-04-03T15:12:17.932Z"}
{"level":"info","message":"grpc_server_shutdown","service":"grpc_server","timestamp":"2026-04-03T15:12:17.934Z"}
{"level":"warn","message":"channel_closed","service":"rabbitmq_consumer","timestamp":"2026-04-03T15:12:17.939Z"}
{"level":"info","message":"rabbitmq_connection_closed","service":"rabbitmq","timestamp":"2026-04-03T15:12:17.965Z"}
{"level":"info","message":"db_connected","service":"database","timestamp":"2026-04-03T15:12:28.830Z"}
{"docs_url":"/api-docs","json_url":"/api-docs.json","level":"info","message":"swagger_ui_started","service":"http_server","timestamp":"2026-04-03T15:12:28.878Z","yaml_url":"/api-docs.yaml"}
{"env":"development","level":"info","log_level":"debug","message":"http_server_started","port":8012,"service":"http_server","timestamp":"2026-04-03T15:12:28.886Z"}
{"level":"info","message":"grpc_server_started","port":10004,"service":"grpc_server","timestamp":"2026-04-03T15:12:28.897Z"}
{"level":"info","message":"rabbitmq_connected","service":"rabbitmq","timestamp":"2026-04-03T15:12:28.956Z"}
{"exchange":"refina_microservice","level":"info","message":"queue_bound","queue":"refina-analytics","routingKey":"wallet.*","service":"rabbitmq_consumer","timestamp":"2026-04-03T15:12:29.048Z"}
{"exchange":"refina_microservice","level":"info","message":"queue_bound","queue":"refina-analytics","routingKey":"transaction.*","service":"rabbitmq_consumer","timestamp":"2026-04-03T15:12:29.050Z"}
{"exchange":"refina_microservice","level":"info","message":"queue_bound","queue":"refina-analytics","routingKey":"investment.*","service":"rabbitmq_consumer","timestamp":"2026-04-03T15:12:29.053Z"}
{"bindings":["wallet.*","transaction.*","investment.*"],"exchange":"refina_microservice","level":"info","maxRetry":4,"message":"consumer_ready","queue":"refina-analytics","retryDelayMs":15000,"retryQueue":"refina-analytics.retry","service":"rabbitmq_consumer","timestamp":"2026-04-03T15:12:29.085Z"}
{"level":"info","message":"shutdown_started","service":"main","timestamp":"2026-04-03T15:13:22.920Z"}
{"level":"info","message":"grpc_server_shutdown","service":"grpc_server","timestamp":"2026-04-03T15:13:22.945Z"}
{"level":"warn","message":"channel_closed","service":"rabbitmq_consumer","timestamp":"2026-04-03T15:13:22.992Z"}
{"level":"info","message":"rabbitmq_connection_closed","service":"rabbitmq","timestamp":"2026-04-03T15:13:23.037Z"}
{"level":"info","message":"db_connected","service":"database","timestamp":"2026-04-03T15:13:31.026Z"}
{"docs_url":"/api-docs","json_url":"/api-docs.json","level":"info","message":"swagger_ui_started","service":"http_server","timestamp":"2026-04-03T15:13:31.253Z","yaml_url":"/api-docs.yaml"}
{"env":"development","level":"info","log_level":"debug","message":"http_server_started","port":8012,"service":"http_server","timestamp":"2026-04-03T15:13:31.262Z"}
{"level":"info","message":"grpc_server_started","port":10004,"service":"grpc_server","timestamp":"2026-04-03T15:13:31.267Z"}
{"level":"info","message":"rabbitmq_connected","service":"rabbitmq","timestamp":"2026-04-03T15:13:31.559Z"}
{"exchange":"refina_microservice","level":"info","message":"queue_bound","queue":"refina-analytics","routingKey":"wallet.*","service":"rabbitmq_consumer","timestamp":"2026-04-03T15:13:31.590Z"}
{"exchange":"refina_microservice","level":"info","message":"queue_bound","queue":"refina-analytics","routingKey":"transaction.*","service":"rabbitmq_consumer","timestamp":"2026-04-03T15:13:31.592Z"}
{"exchange":"refina_microservice","level":"info","message":"queue_bound","queue":"refina-analytics","routingKey":"investment.*","service":"rabbitmq_consumer","timestamp":"2026-04-03T15:13:31.594Z"}
{"bindings":["wallet.*","transaction.*","investment.*"],"exchange":"refina_microservice","level":"info","maxRetry":4,"message":"consumer_ready","queue":"refina-analytics","retryDelayMs":15000,"retryQueue":"refina-analytics.retry","service":"rabbitmq_consumer","timestamp":"2026-04-03T15:13:31.605Z"}
{"level":"info","message":"shutdown_started","service":"main","timestamp":"2026-04-03T15:16:15.449Z"}
{"level":"info","message":"grpc_server_shutdown","service":"grpc_server","timestamp":"2026-04-03T15:16:15.507Z"}
{"level":"warn","message":"channel_closed","service":"rabbitmq_consumer","timestamp":"2026-04-03T15:16:15.559Z"}
{"level":"info","message":"rabbitmq_connection_closed","service":"rabbitmq","timestamp":"2026-04-03T15:16:15.619Z"}
{"level":"info","message":"db_connected","service":"database","timestamp":"2026-04-03T15:16:25.406Z"}
{"docs_url":"/api-docs","json_url":"/api-docs.json","level":"info","message":"swagger_ui_started","service":"http_server","timestamp":"2026-04-03T15:16:25.429Z","yaml_url":"/api-docs.yaml"}
{"env":"development","level":"info","log_level":"debug","message":"http_server_started","port":8012,"service":"http_server","timestamp":"2026-04-03T15:16:25.441Z"}
{"level":"info","message":"grpc_server_started","port":10004,"service":"grpc_server","timestamp":"2026-04-03T15:16:25.446Z"}
{"level":"info","message":"rabbitmq_connected","service":"rabbitmq","timestamp":"2026-04-03T15:16:25.912Z"}
{"exchange":"refina_microservice","level":"info","message":"queue_bound","queue":"refina-analytics","routingKey":"wallet.*","service":"rabbitmq_consumer","timestamp":"2026-04-03T15:16:26.066Z"}
{"exchange":"refina_microservice","level":"info","message":"queue_bound","queue":"refina-analytics","routingKey":"transaction.*","service":"rabbitmq_consumer","timestamp":"2026-04-03T15:16:26.072Z"}
{"exchange":"refina_microservice","level":"info","message":"queue_bound","queue":"refina-analytics","routingKey":"investment.*","service":"rabbitmq_consumer","timestamp":"2026-04-03T15:16:26.075Z"}
{"bindings":["wallet.*","transaction.*","investment.*"],"exchange":"refina_microservice","level":"info","maxRetry":4,"message":"consumer_ready","queue":"refina-analytics","retryDelayMs":15000,"retryQueue":"refina-analytics.retry","service":"rabbitmq_consumer","timestamp":"2026-04-03T15:16:26.095Z"}
{"level":"info","message":"shutdown_started","service":"main","timestamp":"2026-04-03T15:17:03.485Z"}
{"level":"info","message":"grpc_server_shutdown","service":"grpc_server","timestamp":"2026-04-03T15:17:03.522Z"}
{"level":"warn","message":"channel_closed","service":"rabbitmq_consumer","timestamp":"2026-04-03T15:17:03.582Z"}
{"level":"info","message":"rabbitmq_connection_closed","service":"rabbitmq","timestamp":"2026-04-03T15:17:03.679Z"}
{"level":"info","message":"db_connected","service":"database","timestamp":"2026-04-03T15:17:12.028Z"}
{"docs_url":"/api-docs","json_url":"/api-docs.json","level":"info","message":"swagger_ui_started","service":"http_server","timestamp":"2026-04-03T15:17:12.150Z","yaml_url":"/api-docs.yaml"}
{"env":"development","level":"info","log_level":"debug","message":"http_server_started","port":8012,"service":"http_server","timestamp":"2026-04-03T15:17:12.228Z"}
{"level":"info","message":"grpc_server_started","port":10004,"service":"grpc_server","timestamp":"2026-04-03T15:17:12.234Z"}
{"level":"info","message":"rabbitmq_connected","service":"rabbitmq","timestamp":"2026-04-03T15:17:12.827Z"}
{"exchange":"refina_microservice","level":"info","message":"queue_bound","queue":"refina-analytics","routingKey":"wallet.*","service":"rabbitmq_consumer","timestamp":"2026-04-03T15:17:12.966Z"}
{"exchange":"refina_microservice","level":"info","message":"queue_bound","queue":"refina-analytics","routingKey":"transaction.*","service":"rabbitmq_consumer","timestamp":"2026-04-03T15:17:12.972Z"}
{"exchange":"refina_microservice","level":"info","message":"queue_bound","queue":"refina-analytics","routingKey":"investment.*","service":"rabbitmq_consumer","timestamp":"2026-04-03T15:17:12.981Z"}
{"bindings":["wallet.*","transaction.*","investment.*"],"exchange":"refina_microservice","level":"info","maxRetry":4,"message":"consumer_ready","queue":"refina-analytics","retryDelayMs":15000,"retryQueue":"refina-analytics.retry","service":"rabbitmq_consumer","timestamp":"2026-04-03T15:17:13.103Z"}
{"level":"info","message":"shutdown_started","service":"main","timestamp":"2026-04-03T15:17:34.146Z"}
{"level":"info","message":"grpc_server_shutdown","service":"grpc_server","timestamp":"2026-04-03T15:17:34.148Z"}
{"level":"warn","message":"channel_closed","service":"rabbitmq_consumer","timestamp":"2026-04-03T15:17:34.162Z"}
{"level":"info","message":"rabbitmq_connection_closed","service":"rabbitmq","timestamp":"2026-04-03T15:17:34.176Z"}
{"level":"info","message":"db_connected","service":"database","timestamp":"2026-04-03T15:17:43.664Z"}
{"docs_url":"/api-docs","json_url":"/api-docs.json","level":"info","message":"swagger_ui_started","service":"http_server","timestamp":"2026-04-03T15:17:43.677Z","yaml_url":"/api-docs.yaml"}
{"env":"development","level":"info","log_level":"debug","message":"http_server_started","port":8012,"service":"http_server","timestamp":"2026-04-03T15:17:43.687Z"}
{"level":"info","message":"grpc_server_started","port":10004,"service":"grpc_server","timestamp":"2026-04-03T15:17:43.693Z"}
{"level":"info","message":"rabbitmq_connected","service":"rabbitmq","timestamp":"2026-04-03T15:17:43.956Z"}
{"exchange":"refina_microservice","level":"info","message":"queue_bound","queue":"refina-analytics","routingKey":"wallet.*","service":"rabbitmq_consumer","timestamp":"2026-04-03T15:17:44.371Z"}
{"exchange":"refina_microservice","level":"info","message":"queue_bound","queue":"refina-analytics","routingKey":"transaction.*","service":"rabbitmq_consumer","timestamp":"2026-04-03T15:17:44.374Z"}
{"exchange":"refina_microservice","level":"info","message":"queue_bound","queue":"refina-analytics","routingKey":"investment.*","service":"rabbitmq_consumer","timestamp":"2026-04-03T15:17:44.376Z"}
{"bindings":["wallet.*","transaction.*","investment.*"],"exchange":"refina_microservice","level":"info","maxRetry":4,"message":"consumer_ready","queue":"refina-analytics","retryDelayMs":15000,"retryQueue":"refina-analytics.retry","service":"rabbitmq_consumer","timestamp":"2026-04-03T15:17:44.389Z"}
{"level":"info","message":"shutdown_started","service":"main","timestamp":"2026-04-03T15:19:24.599Z"}
{"level":"info","message":"grpc_server_shutdown","service":"grpc_server","timestamp":"2026-04-03T15:19:24.894Z"}
{"level":"warn","message":"channel_closed","service":"rabbitmq_consumer","timestamp":"2026-04-03T15:19:24.966Z"}
{"level":"info","message":"rabbitmq_connection_closed","service":"rabbitmq","timestamp":"2026-04-03T15:19:26.379Z"}
{"level":"info","message":"db_connected","service":"database","timestamp":"2026-04-03T15:19:38.577Z"}
{"docs_url":"/api-docs","json_url":"/api-docs.json","level":"info","message":"swagger_ui_started","service":"http_server","timestamp":"2026-04-03T15:19:38.689Z","yaml_url":"/api-docs.yaml"}
{"env":"development","level":"info","log_level":"debug","message":"http_server_started","port":8012,"service":"http_server","timestamp":"2026-04-03T15:19:38.718Z"}
{"level":"info","message":"grpc_server_started","port":10004,"service":"grpc_server","timestamp":"2026-04-03T15:19:38.721Z"}
{"level":"info","message":"rabbitmq_connected","service":"rabbitmq","timestamp":"2026-04-03T15:19:39.729Z"}
{"exchange":"refina_microservice","level":"info","message":"queue_bound","queue":"refina-analytics","routingKey":"wallet.*","service":"rabbitmq_consumer","timestamp":"2026-04-03T15:19:39.788Z"}
{"exchange":"refina_microservice","level":"info","message":"queue_bound","queue":"refina-analytics","routingKey":"transaction.*","service":"rabbitmq_consumer","timestamp":"2026-04-03T15:19:39.793Z"}
{"exchange":"refina_microservice","level":"info","message":"queue_bound","queue":"refina-analytics","routingKey":"investment.*","service":"rabbitmq_consumer","timestamp":"2026-04-03T15:19:39.796Z"}
{"bindings":["wallet.*","transaction.*","investment.*"],"exchange":"refina_microservice","level":"info","maxRetry":4,"message":"consumer_ready","queue":"refina-analytics","retryDelayMs":15000,"retryQueue":"refina-analytics.retry","service":"rabbitmq_consumer","timestamp":"2026-04-03T15:19:39.823Z"}
{"level":"debug","message":"grpc_request_received","method":"/dashboard.DashboardService/GetCategoryTransactions","request_id":"b95d7b04-55b6-4871-8713-ef9422adda7d","service":"grpc_server","timestamp":"2026-04-03T15:19:43.482Z","user_id":"a79a39e5-d70f-41ae-b7e6-36246a99172d"}
{"level":"debug","message":"DEBUG: ","result":[{"Amount":531553.8636363636,"Description":"HP Infinix Hot 60 Pro Adek","TransactionDate":"2026-02-08T08:30:54.000Z","TransactionID":"a532a178-8f25-428a-aa63-2e53e48648e0","WalletName":"BCA Xpresi"},{"Amount":531553.8636363636,"Description":"Infaq","TransactionDate":"2026-01-30T08:27:36.000Z","TransactionID":"85f8b4e1-48cb-4c5c-8c99-1be21957bea8","WalletName":"Dompet"},{"Amount":531553.8636363636,"Description":"paketan mama","TransactionDate":"2026-01-24T16:32:29.000Z","TransactionID":"c256ebcc-b5ee-4090-99df-98b309d8c8e1","WalletName":"BCA Xpresi"},{"Amount":531553.8636363636,"Description":"paketan adek","TransactionDate":"2026-01-22T09:33:21.000Z","TransactionID":"9b628e77-8b04-4744-ad6b-895513920930","WalletName":"BCA Xpresi"},{"Amount":531553.8636363636,"Description":"Infaq","TransactionDate":"2026-01-16T13:22:36.000Z","TransactionID":"0749935f-f361-45f8-a6aa-348aada6e265","WalletName":"Dompet"},{"Amount":531553.8636363636,"Description":"Paketan adek","TransactionDate":"2026-01-08T06:52:33.000Z","TransactionID":"42dbe4e9-a234-499a-8b6d-85c3d4eef15e","WalletName":"BCA Xpresi"},{"Amount":531553.8636363636,"Description":"pulsa mama","TransactionDate":"2025-12-31T08:40:08.000Z","TransactionID":"2433a85c-1b62-4a20-9877-53159e112f5b","WalletName":"BCA Xpresi"},{"Amount":531553.8636363636,"Description":"Infaq","TransactionDate":"2025-12-26T07:30:17.000Z","TransactionID":"eb883f8a-16fb-42a8-a200-a71bf005d3ae","WalletName":"Dompet"},{"Amount":531553.8636363636,"Description":"Paketan adek","TransactionDate":"2025-12-10T10:19:30.000Z","TransactionID":"092d3c19-8dc9-493f-9cfe-7bae4d9b7c9e","WalletName":"BCA Xpresi"},{"Amount":531553.8636363636,"Description":"Mesin cuci mama","TransactionDate":"2025-12-08T10:17:19.000Z","TransactionID":"fd20ea28-c10c-41b2-bdf4-16613a3eea01","WalletName":"BCA Xpresi"},{"Amount":531553.8636363636,"Description":"celana adek","TransactionDate":"2025-11-23T21:49:59.000Z","TransactionID":"b73637b1-00b2-429e-82e5-b9a6281e8f3d","WalletName":"Dompet"},{"Amount":531553.8636363636,"Description":"Infaq","TransactionDate":"2025-11-14T05:33:52.000Z","TransactionID":"503ce7ec-d848-4ccf-89e4-a39dee4babbc","WalletName":"Dompet"},{"Amount":531553.8636363636,"Description":"mama & adek","TransactionDate":"2025-11-01T09:42:01.000Z","TransactionID":"55f0b889-75bd-4b6e-a0d0-19f2b003d32f","WalletName":"Dompet"},{"Amount":531553.8636363636,"Description":"Adek + mama","TransactionDate":"2025-10-02T10:30:30.000Z","TransactionID":"81b96c62-6862-4a68-b627-079ce25c69c9","WalletName":"Dompet"},{"Amount":531553.8636363636,"Description":"mama & adek","TransactionDate":"2025-09-02T07:08:38.000Z","TransactionID":"addefe4e-2f24-4ad5-887f-73caa895e122","WalletName":"Dompet"},{"Amount":531553.8636363636,"Description":"mama & adek","TransactionDate":"2025-08-02T07:47:47.000Z","TransactionID":"98411cf1-c53d-416e-aa39-d1affa5ee097","WalletName":"Dompet"},{"Amount":531553.8636363636,"Description":"Infaq jumatan","TransactionDate":"2025-08-01T07:47:11.000Z","TransactionID":"24d0204c-7cc1-4840-9fa9-3341d39963bb","WalletName":"Dompet"},{"Amount":531553.8636363636,"Description":"mama & adek","TransactionDate":"2025-07-01T06:29:27.000Z","TransactionID":"818ae0ca-e3bd-4c73-b2d5-e453b2228c38","WalletName":"Dompet"},{"Amount":531553.8636363636,"Description":"Adek","TransactionDate":"2025-06-01T12:32:01.000Z","TransactionID":"b2e636d9-61e6-48ed-aded-61d6865c7a2e","WalletName":"Dompet"},{"Amount":531553.8636363636,"Description":"Mama","TransactionDate":"2025-06-01T12:30:50.000Z","TransactionID":"d0da63ba-1e19-41bc-b936-108ec44ced89","WalletName":"Dompet"},{"Amount":531553.8636363636,"Description":"adik","TransactionDate":"2025-04-25T01:33:03.000Z","TransactionID":"1a7d249c-3006-428b-88ab-a44bae90e592","WalletName":"Dompet"},{"Amount":531553.8636363636,"Description":"mama","TransactionDate":"2025-04-25T01:32:18.000Z","TransactionID":"79dffe1b-57b0-4214-a4c9-78ec0e7cd05d","WalletName":"Dompet"}],"timestamp":"2026-04-03T15:19:43.689Z"}
{"level":"debug","message":"grpc_request_received","method":"/dashboard.DashboardService/GetCategoryTransactions","request_id":"3a236edd-5f9f-4ea3-94bb-35497ec7395d","service":"grpc_server","timestamp":"2026-04-03T15:19:52.203Z","user_id":"a79a39e5-d70f-41ae-b7e6-36246a99172d"}
{"level":"debug","message":"DEBUG: ","result":[{"Amount":3000000,"Description":"Reksadana BRI Indeks Syariah Bibit","TransactionDate":"2025-11-23T07:41:57.000Z","TransactionID":"ef278716-d0c6-44c2-872c-15230f4cac07","WalletName":"BCA Xpresi"},{"Amount":3000000,"Description":"Reksadana Obligasi Trimegah Dana Tetap Syariah Kelas A Bibit","TransactionDate":"2025-10-08T11:00:26.000Z","TransactionID":"e032f6e9-cdfa-4f58-bdeb-f9aca0f465ae","WalletName":"BCA Xpresi"},{"Amount":3000000,"Description":"Reksadana BRI Indeks Syariah Bibit","TransactionDate":"2025-10-04T06:22:41.000Z","TransactionID":"2b139b1f-5339-4480-b284-b7195f50e9a7","WalletName":"BCA Xpresi"},{"Amount":3000000,"Description":"Reksadana BRI Indeks Syariah Bibit","TransactionDate":"2025-08-21T06:11:19.000Z","TransactionID":"ecf90911-a36d-477a-8b64-cc7318cc5e87","WalletName":"BCA Xpresi"},{"Amount":3000000,"Description":"Reksadana BRI Indeks Syariah Bibit","TransactionDate":"2025-07-27T17:41:29.000Z","TransactionID":"0ebe7bb8-63b5-46ba-98c6-1bacbd62e56f","WalletName":"BCA Xpresi"}],"timestamp":"2026-04-03T15:19:52.391Z"}
{"level":"debug","message":"grpc_request_received","method":"/dashboard.DashboardService/GetCategoryTransactions","request_id":"045a0d62-7612-41f5-88e6-a88818238160","service":"grpc_server","timestamp":"2026-04-03T15:19:58.405Z","user_id":"a79a39e5-d70f-41ae-b7e6-36246a99172d"}
{"level":"debug","message":"DEBUG: ","result":[{"Amount":7804000.5,"Description":"Emas Digital 0.8gr Pluang","TransactionDate":"2025-12-14T14:00:58.000Z","TransactionID":"e3ab42b2-f8a6-4034-a2b4-0208168fc350","WalletName":"BCA Xpresi"},{"Amount":7804000.5,"Description":"Emas Digital 5gr Pluang","TransactionDate":"2025-11-21T18:17:56.000Z","TransactionID":"05fdf0d5-f372-4f47-9bf8-8acb97b26ea2","WalletName":"Pluang Rupiah Wallet"},{"Amount":7804000.5,"Description":"Emas Antam 5gr","TransactionDate":"2025-06-09T23:08:20.000Z","TransactionID":"bd4e31f7-23e1-4242-9c8d-c98f76eb2963","WalletName":"Tabungan NOW"},{"Amount":7804000.5,"Description":"Emas Pluang 4gr","TransactionDate":"2025-04-13T22:14:45.000Z","TransactionID":"ac1e34c9-9613-4044-ab49-673cd43400aa","WalletName":"Pluang Rupiah Wallet"}],"timestamp":"2026-04-03T15:19:58.537Z"}
{"level":"debug","message":"grpc_request_received","method":"/dashboard.DashboardService/GetCategoryTransactions","request_id":"66fdda6d-1d1a-46f9-bce5-8ddad95b3cc4","service":"grpc_server","timestamp":"2026-04-03T15:20:02.506Z","user_id":"a79a39e5-d70f-41ae-b7e6-36246a99172d"}
{"level":"debug","message":"DEBUG: ","result":[{"Amount":10000,"Description":"Balsem","TransactionDate":"2026-01-20T18:43:19.000Z","TransactionID":"62b62b8f-d71f-4c76-85ea-ba37162f801a","WalletName":"Dompet"},{"Amount":10000,"Description":"Komix 6 pcs & larutan kecil","TransactionDate":"2025-09-16T19:37:52.000Z","TransactionID":"9e686a1a-7e38-42fe-a2c2-9772e7e03374","WalletName":"Dompet"},{"Amount":10000,"Description":"paramex 2 strip","TransactionDate":"2025-09-08T09:55:44.000Z","TransactionID":"fcf74279-f171-4d17-a442-68743273ea0d","WalletName":"Dompet"}],"timestamp":"2026-04-03T15:20:02.740Z"}
{"level":"debug","message":"grpc_request_received","method":"/dashboard.DashboardService/GetCategoryTransactions","request_id":"ce86920c-65d6-4144-b568-50466053413f","service":"grpc_server","timestamp":"2026-04-03T15:20:06.893Z","user_id":"a79a39e5-d70f-41ae-b7e6-36246a99172d"}
{"level":"debug","message":"DEBUG: ","result":[{"Amount":15000,"Description":"potong rambut","TransactionDate":"2025-11-19T07:04:25.000Z","TransactionID":"9dc9f2a6-5565-4eda-9994-acf2c9877088","WalletName":"Dompet"},{"Amount":15000,"Description":"potong rambut","TransactionDate":"2025-04-30T01:18:19.000Z","TransactionID":"39641e0b-3884-440a-9b26-05468b747f34","WalletName":"Dompet"}],"timestamp":"2026-04-03T15:20:07.242Z"}
{"level":"debug","message":"grpc_request_received","method":"/dashboard.DashboardService/GetCategoryTransactions","request_id":"1551376b-7312-46ad-9f9e-260d1384d048","service":"grpc_server","timestamp":"2026-04-03T15:20:15.585Z","user_id":"a79a39e5-d70f-41ae-b7e6-36246a99172d"}
{"level":"debug","message":"DEBUG: ","result":[{"Amount":27000,"Description":"Checkup halodoc","TransactionDate":"2025-10-28T09:24:53.000Z","TransactionID":"54bd9482-a249-4396-b52b-8a1994527be5","WalletName":"BCA Xpresi"}],"timestamp":"2026-04-03T15:20:15.733Z"}
{"level":"debug","message":"grpc_request_received","method":"/dashboard.DashboardService/GetCategoryTransactions","request_id":"c111e2e3-d99c-4598-ab28-47174a94442d","service":"grpc_server","timestamp":"2026-04-03T15:20:26.068Z","user_id":"a79a39e5-d70f-41ae-b7e6-36246a99172d"}
{"level":"debug","message":"DEBUG: ","result":[{"Amount":12000,"Description":"Press mika + scan foto","TransactionDate":"2025-07-13T16:55:23.000Z","TransactionID":"9997b920-8a12-4082-ae3a-f7b48d109854","WalletName":"Dompet"}],"timestamp":"2026-04-03T15:20:26.189Z"}
{"level":"debug","message":"grpc_request_received","method":"/dashboard.DashboardService/GetCategoryTransactions","request_id":"c0e96467-3fa0-4b62-ae5b-2f66d1413f45","service":"grpc_server","timestamp":"2026-04-03T15:20:29.507Z","user_id":"a79a39e5-d70f-41ae-b7e6-36246a99172d"}
{"level":"debug","message":"DEBUG: ","result":[{"Amount":205000,"Description":"testtt","TransactionDate":"2026-03-12T03:54:54.025Z","TransactionID":"6605343a-b603-4f95-9a95-52e9f28c5514","WalletName":"Aegyoooo"},{"Amount":205000,"Description":"goks","TransactionDate":"2026-03-12T03:38:05.217Z","TransactionID":"e40f834f-07ac-4690-a710-07a0c1ce1428","WalletName":"Aegyoooo"}],"timestamp":"2026-04-03T15:20:29.674Z"}
{"level":"debug","message":"grpc_request_received","method":"/dashboard.DashboardService/GetCategoryTransactions","request_id":"00ac59ee-245d-4a72-8f24-fcfa31936ed0","service":"grpc_server","timestamp":"2026-04-03T15:20:43.852Z","user_id":"a79a39e5-d70f-41ae-b7e6-36246a99172d"}
{"level":"debug","message":"DEBUG: ","result":[{"Amount":1006666.6666666666,"Description":"Utang mama","TransactionDate":"2025-11-14T05:32:49.000Z","TransactionID":"77c0fd18-a698-43c2-8b55-7bfb3f4ff089","WalletName":"Dompet"},{"Amount":1006666.6666666666,"Description":"Utang kopi reynaldi","TransactionDate":"2025-09-29T19:31:06.000Z","TransactionID":"04a75496-fac0-42d6-aff2-1cd52f7ea2a3","WalletName":"BTN KIP Kuliah"},{"Amount":1006666.6666666666,"Description":"Utang ayah beli vario","TransactionDate":"2025-07-16T09:50:29.000Z","TransactionID":"00989ae9-ba61-485e-b0b6-a6109d8c9cbd","WalletName":"Dompet"}],"timestamp":"2026-04-03T15:20:44.211Z"}
{"level":"debug","message":"grpc_request_received","method":"/dashboard.DashboardService/GetCategoryTransactions","request_id":"45d976ad-f3f1-40c1-a367-62cd7a27890f","service":"grpc_server","timestamp":"2026-04-03T15:20:55.412Z","user_id":"a79a39e5-d70f-41ae-b7e6-36246a99172d"}
{"level":"debug","message":"DEBUG: ","result":[{"Amount":17206.503401360544,"Description":"Es campur 2 bks","TransactionDate":"2026-02-06T07:39:02.000Z","TransactionID":"722e4d56-878e-4190-87fc-72f6ce4bbaea","WalletName":"Dompet"},{"Amount":17206.503401360544,"Description":"Es teh","TransactionDate":"2026-02-02T07:40:26.000Z","TransactionID":"3f2d6b28-5c0a-4f74-a15a-9bd43c0b1a6a","WalletName":"Dompet"},{"Amount":17206.503401360544,"Description":"pizza domino 1 large + 1 medium","TransactionDate":"2026-01-31T14:14:36.000Z","TransactionID":"0eb751fd-ec0e-466b-b883-01c3ac2d2e7e","WalletName":"BCA Xpresi"},{"Amount":17206.503401360544,"Description":"Gorengan + es teh","TransactionDate":"2026-01-30T12:53:09.000Z","TransactionID":"e2b995c2-2c2d-4179-b678-73c0efb2be2d","WalletName":"Dompet"},{"Amount":17206.503401360544,"Description":"air mineral","TransactionDate":"2026-01-28T21:19:40.000Z","TransactionID":"40ccfabc-7ce3-4b5c-a1f7-d7c3194b2bfd","WalletName":"BCA Xpresi"},{"Amount":17206.503401360544,"Description":"gorengan","TransactionDate":"2026-01-26T16:41:25.000Z","TransactionID":"79b0563b-39e1-4f85-9ce4-f393f0c2c964","WalletName":"Dompet"},{"Amount":17206.503401360544,"Description":"Onde-onde+marning","TransactionDate":"2026-01-20T18:41:55.000Z","TransactionID":"23da6b15-0099-4b2d-8ce8-146a537881ef","WalletName":"Dompet"},{"Amount":17206.503401360544,"Description":"Pop mie 4 pcs","TransactionDate":"2026-01-16T13:24:44.000Z","TransactionID":"c67f78e0-8c21-4dbc-9d0d-e153a0a72787","WalletName":"Dompet"},{"Amount":17206.503401360544,"Description":"Kopi susu custom","TransactionDate":"2026-01-14T15:37:53.000Z","TransactionID":"c8a41e39-cbf6-449f-ae00-21f35b5b640e","WalletName":"Dompet"},{"Amount":17206.503401360544,"Description":"Pisang goreng","TransactionDate":"2026-01-10T15:37:20.000Z","TransactionID":"44108cbf-0630-4724-9556-90849a803844","WalletName":"Dompet"},{"Amount":17206.503401360544,"Description":"Batagor","TransactionDate":"2026-01-09T06:50:27.000Z","TransactionID":"7b6dfa57-3f19-4bee-8ce6-c2adca5fc7e0","WalletName":"Dompet"},{"Amount":17206.503401360544,"Description":"Air mineral ","TransactionDate":"2026-01-07T18:35:26.000Z","TransactionID":"a0b02be4-225d-4a7c-902a-ffed72583ac4","WalletName":"BCA Xpresi"},{"Amount":17206.503401360544,"Description":"Kopi susu + donat","TransactionDate":"2026-01-06T17:31:05.000Z","TransactionID":"ca9598f2-27ed-4b15-a862-39e65cb1f5ef","WalletName":"Dompet"},{"Amount":17206.503401360544,"Description":"Mie 3 pcs","TransactionDate":"2026-01-05T18:32:43.000Z","TransactionID":"951c2414-8e55-443c-a02d-06fac4fd761b","WalletName":"Dompet"},{"Amount":17206.503401360544,"Description":"Gorengan ","TransactionDate":"2026-01-04T17:29:15.000Z","TransactionID":"8752ed8d-cc24-42f7-9e78-861c1fadbb16","WalletName":"Dompet"},{"Amount":17206.503401360544,"Description":"Sate lok lok","TransactionDate":"2025-12-31T08:43:31.000Z","TransactionID":"e4724ecc-abf4-462d-ad04-666474af50ca","WalletName":"BCA Xpresi"},{"Amount":17206.503401360544,"Description":"Kopi susu custom","TransactionDate":"2025-12-28T09:45:41.000Z","TransactionID":"37191424-935a-4c66-86f9-5d89d37fd413","WalletName":"Dompet"},{"Amount":17206.503401360544,"Description":"martabak & terang bulan","TransactionDate":"2025-12-27T15:46:27.000Z","TransactionID":"48524434-6588-419a-a34c-85be7bd75fd5","WalletName":"BCA Xpresi"},{"Amount":17206.503401360544,"Description":"Kopi susu STK","TransactionDate":"2025-12-26T07:30:40.000Z","TransactionID":"49f2a205-9c82-4751-b51f-c50e19350568","WalletName":"Dompet"},{"Amount":17206.503401360544,"Description":"Chicken katsu + air mineral","TransactionDate":"2025-12-22T08:59:10.000Z","TransactionID":"acfbe5f2-698c-43d1-9b72-822e91f899a9","WalletName":"Dompet"},{"Amount":17206.503401360544,"Description":"Kopi susu custom","TransactionDate":"2025-12-21T14:32:10.000Z","TransactionID":"7474a967-353d-4db0-9f15-ab597625c417","WalletName":"BCA Xpresi"},{"Amount":17206.503401360544,"Description":"Kopi susu STK","TransactionDate":"2025-12-20T09:47:07.000Z","TransactionID":"6600f690-8f11-430d-8eb0-d4b01c893509","WalletName":"Dompet"},{"Amount":17206.503401360544,"Description":"Es degan 2 bks","TransactionDate":"2025-12-19T16:09:30.000Z","TransactionID":"8a8ecc97-5a8d-47f8-adeb-ad31c22a6031","WalletName":"Dompet"},{"Amount":17206.503401360544,"Description":"Air mineral + pop mie 3 pcs","TransactionDate":"2025-12-17T18:11:11.000Z","TransactionID":"6d6dd601-2363-4d52-95c8-d378d3bc8039","WalletName":"Dompet"},{"Amount":17206.503401360544,"Description":"Mie gacoan","TransactionDate":"2025-12-17T14:05:40.000Z","TransactionID":"0452a579-0a02-4301-8798-9ce2e6febfd1","WalletName":"BCA Xpresi"},{"Amount":17206.503401360544,"Description":"Molen","TransactionDate":"2025-12-16T11:27:58.000Z","TransactionID":"9cbb271e-c25b-4891-92a4-11c2955f4582","WalletName":"Dompet"},{"Amount":17206.503401360544,"Description":"Air mineral ","TransactionDate":"2025-12-10T10:12:30.000Z","TransactionID":"5675364b-055a-46e4-9810-60e0d4195b90","WalletName":"BCA Xpresi"},{"Amount":17206.503401360544,"Description":"Air mineral 4pcs","TransactionDate":"2025-12-08T10:11:11.000Z","TransactionID":"6e9cde3a-2844-44d4-8014-6be56356f76b","WalletName":"BCA Xpresi"},{"Amount":17206.503401360544,"Description":"Pop mie 3 pcs + batagor","TransactionDate":"2025-12-06T09:23:19.000Z","TransactionID":"aad3ca10-6ba4-4a69-b536-65447b6fc877","WalletName":"Dompet"},{"Amount":17206.503401360544,"Description":"Es milo yoman","TransactionDate":"2025-12-05T10:09:25.000Z","TransactionID":"b4fc9c16-8096-476a-a489-ede0f51a0454","WalletName":"BCA Xpresi"},{"Amount":17206.503401360544,"Description":"Air mineral","TransactionDate":"2025-12-03T10:10:07.000Z","TransactionID":"7a484dd1-66d6-448d-afd1-fd950535a7d6","WalletName":"BCA Xpresi"},{"Amount":17206.503401360544,"Description":"Tahu bulat","TransactionDate":"2025-11-29T11:43:17.000Z","TransactionID":"eac59f9c-2951-4e20-98ea-32b7c1444784","WalletName":"Dompet"},{"Amount":17206.503401360544,"Description":"Kerupuk ","TransactionDate":"2025-11-29T09:30:30.000Z","TransactionID":"7b32c6ee-ff76-487d-aaea-dd5f0ec931a8","WalletName":"Dompet"},{"Amount":17206.503401360544,"Description":"Kopi susu family mart","TransactionDate":"2025-11-28T11:40:45.000Z","TransactionID":"6d9e35e0-bb7c-4db0-b9c1-ffdd3c812973","WalletName":"Dompet"},{"Amount":17206.503401360544,"Description":"Kopi susu custom ","TransactionDate":"2025-11-26T23:39:35.000Z","TransactionID":"57da19c4-b4fe-421f-bb78-3671f9286148","WalletName":"Dompet"},{"Amount":17206.503401360544,"Description":"Chicken katsu","TransactionDate":"2025-11-26T23:37:34.000Z","TransactionID":"90eabc4a-5f9f-4229-9c8c-625039cd26d1","WalletName":"Dompet"},{"Amount":17206.503401360544,"Description":"es milo","TransactionDate":"2025-11-26T04:31:54.000Z","TransactionID":"642aea82-96e8-4b2b-869f-cc53aa534068","WalletName":"BCA Xpresi"},{"Amount":17206.503401360544,"Description":"Ayam geprek","TransactionDate":"2025-11-25T21:31:02.000Z","TransactionID":"308aab4c-2158-4af7-a245-458ccd843786","WalletName":"Dompet"},{"Amount":17206.503401360544,"Description":"gorengan","TransactionDate":"2025-11-24T21:28:52.000Z","TransactionID":"c47595e1-8529-4e77-bad0-f348b59012dc","WalletName":"Dompet"},{"Amount":17206.503401360544,"Description":"Kerupuk","TransactionDate":"2025-11-23T21:27:59.000Z","TransactionID":"c325d2f9-7aab-422e-8b2c-0d941af1e81e","WalletName":"Dompet"},{"Amount":17206.503401360544,"Description":"Pop mie 3 pcs","TransactionDate":"2025-11-23T07:42:27.000Z","TransactionID":"8623b06d-1537-4eb2-ae41-ad4899e7bc05","WalletName":"Dompet"},{"Amount":17206.503401360544,"Description":"batagor","TransactionDate":"2025-11-20T17:47:14.000Z","TransactionID":"5f177ddd-9506-40af-9305-bcb291d4565a","WalletName":"Dompet"},{"Amount":17206.503401360544,"Description":"ayam sabana 2 pcs","TransactionDate":"2025-11-19T07:10:30.000Z","TransactionID":"c73ac006-ba9c-400f-b230-effaaa24c4a7","WalletName":"BCA Xpresi"},{"Amount":17206.503401360544,"Description":"ayam geprek + air mineral","TransactionDate":"2025-11-18T07:08:33.000Z","TransactionID":"054534b2-8431-4895-981e-826d269ed108","WalletName":"BCA Xpresi"},{"Amount":17206.503401360544,"Description":"ayam geprek + lemon tea","TransactionDate":"2025-11-17T07:06:06.000Z","TransactionID":"5a6edf78-e2bc-4e02-846f-204799bdd3c0","WalletName":"BCA Xpresi"},{"Amount":17206.503401360544,"Description":"Air mineral ","TransactionDate":"2025-11-13T05:29:31.000Z","TransactionID":"672c635e-506d-446c-afa7-9d6dbddfad09","WalletName":"BCA Xpresi"},{"Amount":17206.503401360544,"Description":"Bebek goreng 5","TransactionDate":"2025-11-12T07:39:37.000Z","TransactionID":"3dba717a-68cb-4995-986e-5682a7410139","WalletName":"Dompet"},{"Amount":17206.503401360544,"Description":"Cuck","TransactionDate":"2025-11-10T07:36:08.000Z","TransactionID":"628656dc-fd2c-49fa-859f-d2815d2015ef","WalletName":"BCA Xpresi"},{"Amount":17206.503401360544,"Description":"Pop mie 4 pcs","TransactionDate":"2025-11-07T11:52:23.000Z","TransactionID":"f1de8ec6-2ec0-4baf-bcda-080ecf8f5892","WalletName":"Dompet"},{"Amount":17206.503401360544,"Description":"Air mineral 2 pcs","TransactionDate":"2025-11-06T11:51:35.000Z","TransactionID":"b9a34563-4197-4384-bebe-6dce0471071b","WalletName":"Dompet"},{"Amount":17206.503401360544,"Description":"Ayam geprek ","TransactionDate":"2025-11-06T11:51:08.000Z","TransactionID":"cd6bf917-cf56-4e5f-8264-1673e5e67701","WalletName":"BCA Xpresi"},{"Amount":17206.503401360544,"Description":"Singkong","TransactionDate":"2025-11-05T13:57:36.000Z","TransactionID":"1bd96e8b-4e6b-4f89-95c7-709bb1523fa0","WalletName":"Dompet"},{"Amount":17206.503401360544,"Description":"Mie gacoan 4","TransactionDate":"2025-11-01T09:41:21.000Z","TransactionID":"1ede5173-34b7-4be6-bc3a-bb210359d889","WalletName":"BCA Xpresi"},{"Amount":17206.503401360544,"Description":"Gado-gado 3bks","TransactionDate":"2025-10-26T21:50:06.000Z","TransactionID":"4022a271-8a09-4724-bb9f-fea5d6fe988d","WalletName":"BCA Xpresi"},{"Amount":17206.503401360544,"Description":"Chicken Wings by Hangry","TransactionDate":"2025-10-26T21:48:52.000Z","TransactionID":"223d48b6-28ee-4acf-ba5c-c9d150d6d185","WalletName":"BCA Xpresi"},{"Amount":17206.503401360544,"Description":"Voucher shopeefood Chicken Wings by Hangry","TransactionDate":"2025-10-19T06:34:39.000Z","TransactionID":"6233f92d-9c38-41c8-9f96-13b6067a8c5f","WalletName":"BCA Xpresi"},{"Amount":17206.503401360544,"Description":"es oyen 2 bks","TransactionDate":"2025-10-19T06:31:56.000Z","TransactionID":"130e4fcb-041c-4e3c-842e-46f098ec73d2","WalletName":"Dompet"},{"Amount":17206.503401360544,"Description":"Gorengan","TransactionDate":"2025-10-16T16:23:09.000Z","TransactionID":"592d5268-d9eb-435b-84be-619252fccb17","WalletName":"Dompet"},{"Amount":17206.503401360544,"Description":"es teh kwj","TransactionDate":"2025-10-13T18:31:13.000Z","TransactionID":"89d5e536-ef92-4bd9-aae7-5952700744a2","WalletName":"BCA Xpresi"},{"Amount":17206.503401360544,"Description":"nasi goreng","TransactionDate":"2025-10-13T18:30:11.000Z","TransactionID":"a6486120-1c3d-46a8-9e83-c49b6bb73b7f","WalletName":"BTN KIP Kuliah"},{"Amount":17206.503401360544,"Description":"gorengan","TransactionDate":"2025-10-12T09:30:58.000Z","TransactionID":"25619597-0e2d-4f95-a65e-2394b0603edc","WalletName":"Dompet"},{"Amount":17206.503401360544,"Description":"gado-gado 3 bks","TransactionDate":"2025-10-10T18:28:47.000Z","TransactionID":"04f993b9-acd1-4687-90d2-360b27c5ef7a","WalletName":"Dompet"},{"Amount":17206.503401360544,"Description":"ayam family mart","TransactionDate":"2025-10-10T09:29:44.000Z","TransactionID":"62087c4b-ef2a-4353-8188-675fa41374a1","WalletName":"Dompet"},{"Amount":17206.503401360544,"Description":"makan siang ayam jatinangor","TransactionDate":"2025-10-09T06:25:16.000Z","TransactionID":"05419c35-f6d3-4a3d-9503-fc497c05c14a","WalletName":"BCA Xpresi"},{"Amount":17206.503401360544,"Description":"sate 20 tusuk","TransactionDate":"2025-10-08T09:20:59.000Z","TransactionID":"cb288b21-f596-4170-a2e5-61206c014915","WalletName":"Dompet"},{"Amount":17206.503401360544,"Description":"es degan 2 bks","TransactionDate":"2025-10-03T06:09:38.000Z","TransactionID":"dc0f9ed4-6811-4659-bc6d-8f3305e88839","WalletName":"Dompet"},{"Amount":17206.503401360544,"Description":"pop ice & lumpia stk","TransactionDate":"2025-10-03T06:08:44.000Z","TransactionID":"764f7666-5e90-4c38-b1fd-039c144ca293","WalletName":"Dompet"},{"Amount":17206.503401360544,"Description":"tambah makan siang ssb ","TransactionDate":"2025-10-02T06:04:37.000Z","TransactionID":"9c391585-f562-4691-a927-fcc80641c142","WalletName":"BCA Xpresi"},{"Amount":17206.503401360544,"Description":"Pentol ","TransactionDate":"2025-10-01T10:29:35.000Z","TransactionID":"cae45e63-1d63-4f49-829a-d8b4123e3182","WalletName":"Dompet"},{"Amount":17206.503401360544,"Description":"Aqua","TransactionDate":"2025-09-29T19:31:43.000Z","TransactionID":"da197e66-cbf6-4410-9211-b0630b42f3db","WalletName":"Dompet"},{"Amount":17206.503401360544,"Description":"Es degan 2 bks","TransactionDate":"2025-09-26T17:01:58.000Z","TransactionID":"0b80f1d8-c005-40bf-baf8-2a9489c99f20","WalletName":"Dompet"},{"Amount":17206.503401360544,"Description":"Pop mie 4 bks","TransactionDate":"2025-09-20T20:20:36.000Z","TransactionID":"8df4cc51-a461-4ac0-b454-26dc283b9cdd","WalletName":"Dompet"},{"Amount":17206.503401360544,"Description":"Mie gacoan 3","TransactionDate":"2025-09-13T08:46:31.000Z","TransactionID":"f0af5496-838c-4305-9b16-bee0c457c37b","WalletName":"Gopay"},{"Amount":17206.503401360544,"Description":"Mie gacoan 3","TransactionDate":"2025-09-13T08:45:05.000Z","TransactionID":"5841e8b3-66f0-4554-a0fc-4392611c0985","WalletName":"Dompet"},{"Amount":17206.503401360544,"Description":"makaroni cuck","TransactionDate":"2025-09-09T19:36:16.000Z","TransactionID":"6ec30d49-9d09-4360-8618-bb7165a14280","WalletName":"BCA Xpresi"},{"Amount":17206.503401360544,"Description":"kerupuk 3 bks","TransactionDate":"2025-09-06T09:54:38.000Z","TransactionID":"164e302e-7327-46b3-a59f-67b711c58dcd","WalletName":"Dompet"},{"Amount":17206.503401360544,"Description":"es degan 3 bks","TransactionDate":"2025-09-06T09:53:53.000Z","TransactionID":"7e53ecb5-3f49-471b-9cff-21da20f6e0b8","WalletName":"Dompet"},{"Amount":17206.503401360544,"Description":"gorengan","TransactionDate":"2025-09-03T09:34:23.000Z","TransactionID":"dcef1ddb-339f-402a-a6c7-1ed541fd217b","WalletName":"Dompet"},{"Amount":17206.503401360544,"Description":"Ayam goreng mama cicik 4","TransactionDate":"2025-09-01T07:05:22.000Z","TransactionID":"4176c6d5-aa95-42b1-8eb3-2bfae2f49c1d","WalletName":"Dompet"},{"Amount":17206.503401360544,"Description":"Kopi susu custom ","TransactionDate":"2025-08-30T10:01:54.000Z","TransactionID":"abfe8d9e-05ab-42cb-a57e-2cc1f56fb6bc","WalletName":"Dompet"},{"Amount":17206.503401360544,"Description":"Es teh","TransactionDate":"2025-08-29T09:15:45.000Z","TransactionID":"a9e3a334-d5fd-43aa-8c7d-130b1f9025b7","WalletName":"Dompet"},{"Amount":17206.503401360544,"Description":"oreo milk tea yoman kafe","TransactionDate":"2025-08-24T09:37:30.000Z","TransactionID":"a837facf-a071-49b6-bc35-29da99db0071","WalletName":"Dompet"},{"Amount":17206.503401360544,"Description":"Kopi susu custom ","TransactionDate":"2025-08-22T22:01:47.000Z","TransactionID":"63b7d3a3-535e-4617-93a2-297fbb5b1e50","WalletName":"BCA Xpresi"},{"Amount":17206.503401360544,"Description":"Usus cuck","TransactionDate":"2025-08-20T19:49:45.000Z","TransactionID":"0458da16-ba56-4103-8a73-258e7e30d9d7","WalletName":"BCA Xpresi"},{"Amount":17206.503401360544,"Description":"kopi susu + es teh","TransactionDate":"2025-08-20T05:45:55.000Z","TransactionID":"d1717e21-cb1a-4d33-8478-d724211c1abc","WalletName":"Dompet"},{"Amount":17206.503401360544,"Description":"kopi susu + tahu bulat","TransactionDate":"2025-08-18T08:12:03.000Z","TransactionID":"29f5dca6-b344-46ba-8134-00f879e59363","WalletName":"Dompet"},{"Amount":17206.503401360544,"Description":"kerupuk","TransactionDate":"2025-08-14T09:58:51.000Z","TransactionID":"537e13fc-afe3-47f7-a670-5678802e18f1","WalletName":"Dompet"},{"Amount":17206.503401360544,"Description":"ayam bakar mama cicik utuh","TransactionDate":"2025-08-11T09:16:30.000Z","TransactionID":"a0422e46-94d4-4bf4-97de-ea9915d5534d","WalletName":"Dompet"},{"Amount":17206.503401360544,"Description":"kopi susu kwj","TransactionDate":"2025-08-09T10:40:04.000Z","TransactionID":"47b9236a-4c7d-4076-b4d6-62b29ab08aeb","WalletName":"Dompet"},{"Amount":17206.503401360544,"Description":"Molen","TransactionDate":"2025-08-06T09:22:38.000Z","TransactionID":"98a61c4d-9959-4c5e-9256-b51a86dc411e","WalletName":"Dompet"},{"Amount":17206.503401360544,"Description":"Kopi susu custom","TransactionDate":"2025-08-02T21:01:19.000Z","TransactionID":"97446ada-884d-46fd-b7be-ca54a00f93d5","WalletName":"Dompet"},{"Amount":17206.503401360544,"Description":"Gorengan ","TransactionDate":"2025-08-02T20:59:43.000Z","TransactionID":"d1d7ca97-07b6-404a-b6e1-772e8629b77e","WalletName":"Dompet"},{"Amount":17206.503401360544,"Description":"tambahan makan siang","TransactionDate":"2025-07-30T09:23:31.000Z","TransactionID":"5922925f-d3dc-4ff5-9238-295d830260f6","WalletName":"BCA Xpresi"},{"Amount":17206.503401360544,"Description":"gorengan","TransactionDate":"2025-07-25T04:14:37.000Z","TransactionID":"9776e92b-c4e3-4880-829d-5633e47da2c5","WalletName":"Dompet"},{"Amount":17206.503401360544,"Description":"Es teh + gorengan warkop bening","TransactionDate":"2025-07-19T13:30:48.000Z","TransactionID":"9fcdcb70-c507-4e4c-8b42-7e41d19df4fc","WalletName":"Dompet"},{"Amount":17206.503401360544,"Description":"Gacoan","TransactionDate":"2025-07-17T12:33:34.000Z","TransactionID":"5600a352-499e-4da8-b61e-8258c3c7eaa4","WalletName":"BCA Xpresi"},{"Amount":17206.503401360544,"Description":"Cimol","TransactionDate":"2025-07-11T16:47:50.000Z","TransactionID":"86ff90f2-a6ee-46b3-b2ba-8d4b08d754bb","WalletName":"Dompet"},{"Amount":17206.503401360544,"Description":"Makan siang","TransactionDate":"2025-07-08T16:07:35.000Z","TransactionID":"d76693f4-0a9f-4d11-a536-c2df35a60551","WalletName":"BCA Xpresi"},{"Amount":17206.503401360544,"Description":"jajan bazaar","TransactionDate":"2025-07-05T05:15:12.000Z","TransactionID":"dc50dc4f-4ac0-4781-bead-3cdc71356ec5","WalletName":"Dompet"},{"Amount":17206.503401360544,"Description":"Es Teh STK","TransactionDate":"2025-07-04T19:28:26.000Z","TransactionID":"2eebed81-b34c-4415-a687-e176ed276edf","WalletName":"Dompet"},{"Amount":17206.503401360544,"Description":"Pisang Goreng","TransactionDate":"2025-07-04T12:27:38.000Z","TransactionID":"67acf213-12a8-4928-b502-62ecad5c5a45","WalletName":"Dompet"},{"Amount":17206.503401360544,"Description":"Kentang tahu crispy ","TransactionDate":"2025-07-02T06:30:49.000Z","TransactionID":"1b2caf8d-60c3-41c4-966f-43355da69a05","WalletName":"Dompet"},{"Amount":17206.503401360544,"Description":"Kopi susu custom ","TransactionDate":"2025-06-27T08:46:45.000Z","TransactionID":"9b2f1b7f-eb39-4712-992a-7b27ee65203d","WalletName":"Dompet"},{"Amount":17206.503401360544,"Description":"Es oyen 2 bks","TransactionDate":"2025-06-27T08:45:24.000Z","TransactionID":"dc52026f-68b6-4028-a4a4-6406c4d633d8","WalletName":"Dompet"},{"Amount":17206.503401360544,"Description":"Gorengan ","TransactionDate":"2025-06-26T10:21:23.000Z","TransactionID":"400bfa13-b9f4-4c60-a7ea-dae766eabd98","WalletName":"Dompet"},{"Amount":17206.503401360544,"Description":"Kopi susu custom","TransactionDate":"2025-06-21T23:14:55.000Z","TransactionID":"9a95a1b8-3fd0-4e07-b13f-bc82002131fc","WalletName":"Dompet"},{"Amount":17206.503401360544,"Description":"Singkong 2 bks","TransactionDate":"2025-06-21T23:14:15.000Z","TransactionID":"a51f4b0c-abe9-49b1-a855-daad3dae5e99","WalletName":"Dompet"},{"Amount":17206.503401360544,"Description":"Kopi susu + gorengan","TransactionDate":"2025-06-14T12:42:42.000Z","TransactionID":"f815eacb-e585-4013-8175-68f17e630715","WalletName":"BTN KIP Kuliah"},{"Amount":17206.503401360544,"Description":"Nasi goreng 2 + esteh warkop","TransactionDate":"2025-06-12T11:42:54.000Z","TransactionID":"0adf6224-04ee-4d0e-9838-bd8a89acb305","WalletName":"Dompet"},{"Amount":17206.503401360544,"Description":"Cimol 2 bks","TransactionDate":"2025-06-11T14:00:08.000Z","TransactionID":"7bdccf0a-30e0-47d5-9ddf-b063e593c6c6","WalletName":"Dompet"},{"Amount":17206.503401360544,"Description":"Makan Mie Ayam","TransactionDate":"2025-06-11T13:59:43.000Z","TransactionID":"77ee0765-451b-4de4-9288-4efb9b1ece29","WalletName":"BCA Xpresi"},{"Amount":17206.503401360544,"Description":"Makan SSB","TransactionDate":"2025-06-11T13:59:04.000Z","TransactionID":"d5243a11-69b6-477b-8ce6-9bcce81775da","WalletName":"BCA Xpresi"},{"Amount":17206.503401360544,"Description":"goodday freeze yoman cafe","TransactionDate":"2025-06-09T02:18:31.000Z","TransactionID":"ef1be27a-f92f-4730-acb4-848b1d8af83c","WalletName":"Dompet"},{"Amount":17206.503401360544,"Description":"leker","TransactionDate":"2025-06-09T02:15:06.000Z","TransactionID":"4454a377-2980-483a-8219-34146952560e","WalletName":"Dompet"},{"Amount":17206.503401360544,"Description":"Kopi susu custom ","TransactionDate":"2025-06-05T13:41:49.000Z","TransactionID":"1c89b774-0e49-49e9-9362-7a3a75f82f72","WalletName":"Dompet"},{"Amount":17206.503401360544,"Description":"Terang bulan + gorengan","TransactionDate":"2025-06-05T13:40:51.000Z","TransactionID":"de073325-538a-4753-b180-9337bd8d06d6","WalletName":"Dompet"},{"Amount":17206.503401360544,"Description":"indomie warkop","TransactionDate":"2025-05-30T12:25:27.000Z","TransactionID":"37a9be0f-88f6-4b5d-beb9-8bd365f0e002","WalletName":"Gopay"},{"Amount":17206.503401360544,"Description":"Es teh warkop","TransactionDate":"2025-05-30T12:24:53.000Z","TransactionID":"65cb3f4f-814e-427d-b378-6a1df1fb54d2","WalletName":"Dompet"},{"Amount":17206.503401360544,"Description":"Kerupuk ","TransactionDate":"2025-05-30T01:00:56.000Z","TransactionID":"f18d6880-d85e-46d2-a70d-535004a95828","WalletName":"Dompet"},{"Amount":17206.503401360544,"Description":"Esteh STK","TransactionDate":"2025-05-30T01:00:25.000Z","TransactionID":"a96bef9a-5b0c-4a9f-826a-ad33fe87f87e","WalletName":"Gopay"},{"Amount":17206.503401360544,"Description":"Ayam bakar mama cicik","TransactionDate":"2025-05-28T10:42:49.000Z","TransactionID":"70ce74b9-66ff-4c48-a5ec-742c5ce51839","WalletName":"Dompet"},{"Amount":17206.503401360544,"Description":"hot tiramisu+bakmie goreng rumah bunga cafe (+admin)","TransactionDate":"2025-05-25T03:27:54.000Z","TransactionID":"1ec8d510-a048-4934-8941-842ed96a6899","WalletName":"BTN KIP Kuliah"},{"Amount":17206.503401360544,"Description":"air putih air terjun putuk truno","TransactionDate":"2025-05-24T22:25:59.000Z","TransactionID":"ef4ae18c-0db8-4c5b-b8ff-3d2b1c408cb6","WalletName":"Dompet"},{"Amount":17206.503401360544,"Description":"air putih masjid cheng hoo","TransactionDate":"2025-05-24T22:25:27.000Z","TransactionID":"2a2ceea9-246e-4498-a507-77a02ec64775","WalletName":"Dompet"},{"Amount":17206.503401360544,"Description":"sari roti + goodday indomaret","TransactionDate":"2025-05-24T22:22:47.000Z","TransactionID":"88ae2c86-82c2-4dcf-9928-e1d7c94f8cc8","WalletName":"Dompet"},{"Amount":17206.503401360544,"Description":"cibay 3 bungkus","TransactionDate":"2025-05-24T22:20:50.000Z","TransactionID":"42c06118-d170-4a85-8034-f18f62649c16","WalletName":"Dompet"},{"Amount":17206.503401360544,"Description":"Es teh custom","TransactionDate":"2025-05-18T16:14:13.000Z","TransactionID":"b6cee6bd-c814-494e-8f6a-43f71d8181f9","WalletName":"Dompet"},{"Amount":17206.503401360544,"Description":"Beli nasi bungkus + tambahan nasi kulit","TransactionDate":"2025-05-16T11:05:54.000Z","TransactionID":"a21eb2ca-34fd-4239-87c7-4092d37e8326","WalletName":"Gopay"},{"Amount":17206.503401360544,"Description":"Aqua","TransactionDate":"2025-05-14T02:12:39.000Z","TransactionID":"7d83428b-1bbc-4970-a84f-68f3bf8b2b1f","WalletName":"OVO"},{"Amount":17206.503401360544,"Description":"es degan","TransactionDate":"2025-05-12T09:10:31.000Z","TransactionID":"418f7049-094d-4645-9cca-4cb5ecc4b72d","WalletName":"Dompet"},{"Amount":17206.503401360544,"Description":"es degan","TransactionDate":"2025-05-12T09:04:59.000Z","TransactionID":"84656ebb-903a-4d42-88b4-7648213e28c6","WalletName":"Dompet"},{"Amount":17206.503401360544,"Description":"mie gacoan 4","TransactionDate":"2025-05-12T09:03:22.000Z","TransactionID":"1094e3c7-1e62-4da3-a223-81787efed148","WalletName":"Dompet"},{"Amount":17206.503401360544,"Description":"alfamart online","TransactionDate":"2025-05-12T09:01:53.000Z","TransactionID":"c975076f-2042-4318-8d07-191d4637961d","WalletName":"Dompet"},{"Amount":17206.503401360544,"Description":"gado-gado + gorengan","TransactionDate":"2025-05-12T08:58:33.000Z","TransactionID":"193a0195-0b70-452a-88d3-1a844ba832f9","WalletName":"Dompet"},{"Amount":17206.503401360544,"Description":"gofood nasi goreng 3","TransactionDate":"2025-05-12T08:47:48.000Z","TransactionID":"2c605043-8bd8-49b4-be1c-e61e83a22e83","WalletName":"Gopay"},{"Amount":17206.503401360544,"Description":"beli semangka","TransactionDate":"2025-05-12T08:45:52.000Z","TransactionID":"90fcfb86-a4fd-47ce-a318-0ac9642c21dc","WalletName":"Gopay"},{"Amount":17206.503401360544,"Description":"tahu bulat","TransactionDate":"2025-05-01T01:37:44.000Z","TransactionID":"cfac467d-3f73-440e-98ca-75415e866743","WalletName":"Dompet"},{"Amount":17206.503401360544,"Description":"goodday freeze kantin ketintang","TransactionDate":"2025-04-30T01:16:01.000Z","TransactionID":"51c3adc9-b35b-44be-8eae-ac73b69ba02a","WalletName":"Dompet"},{"Amount":17206.503401360544,"Description":"bubur ayam 2","TransactionDate":"2025-04-28T01:25:25.000Z","TransactionID":"eadecf44-fa8a-45b9-8018-5e6f17f9bce4","WalletName":"Dompet"},{"Amount":17206.503401360544,"Description":"singkong krispi","TransactionDate":"2025-04-25T01:33:37.000Z","TransactionID":"cdfd3be7-f01e-48b8-bf5b-b4fda528f674","WalletName":"Dompet"},{"Amount":17206.503401360544,"Description":"Nasi goreng + esteh warkop","TransactionDate":"2025-04-19T03:14:54.000Z","TransactionID":"9fec62fe-eaaa-40b2-8d3b-cc72d45f3101","WalletName":"BTN KIP Kuliah"},{"Amount":17206.503401360544,"Description":"Beli gorengan","TransactionDate":"2025-04-15T04:00:36.000Z","TransactionID":"d8228632-1913-4f63-9011-4db5931e4089","WalletName":"Dompet"},{"Amount":17206.503401360544,"Description":"es teh warkop","TransactionDate":"2025-04-12T05:44:05.000Z","TransactionID":"e2d54e02-e5fa-462c-bf35-b78fb2e7df93","WalletName":"Tabungan NOW"},{"Amount":17206.503401360544,"Description":"Cireng","TransactionDate":"2025-04-08T12:37:12.000Z","TransactionID":"ee00a579-3246-4ebd-93d0-3154519edddd","WalletName":"Dompet"},{"Amount":17206.503401360544,"Description":"Es teh + kerupuk di warkop","TransactionDate":"2025-04-08T12:36:02.000Z","TransactionID":"07c2e098-8114-49ce-bd3a-fd2bacab2501","WalletName":"Tabungan NOW"},{"Amount":17206.503401360544,"Description":"gofood nasi goreng 3","TransactionDate":"2025-04-07T09:34:15.000Z","TransactionID":"4a52b8f6-1941-4b3c-8966-c17a49488a38","WalletName":"Dompet"},{"Amount":17206.503401360544,"Description":"Beli makan di nganjuk","TransactionDate":"2025-04-07T02:22:38.000Z","TransactionID":"0e3d4bfb-cbc4-4462-9970-1efe00abba54","WalletName":"Dompet"}],"timestamp":"2026-04-03T15:20:55.895Z"}
{"level":"info","message":"shutdown_started","service":"main","timestamp":"2026-04-03T15:21:08.453Z"}
{"level":"warn","message":"channel_closed","service":"rabbitmq_consumer","timestamp":"2026-04-03T15:21:08.477Z"}
{"level":"info","message":"grpc_server_shutdown","service":"grpc_server","timestamp":"2026-04-03T15:21:08.489Z"}
{"level":"info","message":"rabbitmq_connection_closed","service":"rabbitmq","timestamp":"2026-04-03T15:21:09.206Z"}
{"level":"info","message":"db_connected","service":"database","timestamp":"2026-04-03T15:21:30.504Z"}
{"docs_url":"/api-docs","json_url":"/api-docs.json","level":"info","message":"swagger_ui_started","service":"http_server","timestamp":"2026-04-03T15:21:30.581Z","yaml_url":"/api-docs.yaml"}
{"env":"development","level":"info","log_level":"debug","message":"http_server_started","port":8012,"service":"http_server","timestamp":"2026-04-03T15:21:30.601Z"}
{"level":"info","message":"grpc_server_started","port":10004,"service":"grpc_server","timestamp":"2026-04-03T15:21:30.624Z"}
{"level":"info","message":"rabbitmq_connected","service":"rabbitmq","timestamp":"2026-04-03T15:21:30.736Z"}
{"exchange":"refina_microservice","level":"info","message":"queue_bound","queue":"refina-analytics","routingKey":"wallet.*","service":"rabbitmq_consumer","timestamp":"2026-04-03T15:21:30.787Z"}
{"exchange":"refina_microservice","level":"info","message":"queue_bound","queue":"refina-analytics","routingKey":"transaction.*","service":"rabbitmq_consumer","timestamp":"2026-04-03T15:21:30.790Z"}
{"exchange":"refina_microservice","level":"info","message":"queue_bound","queue":"refina-analytics","routingKey":"investment.*","service":"rabbitmq_consumer","timestamp":"2026-04-03T15:21:30.792Z"}
{"bindings":["wallet.*","transaction.*","investment.*"],"exchange":"refina_microservice","level":"info","maxRetry":4,"message":"consumer_ready","queue":"refina-analytics","retryDelayMs":15000,"retryQueue":"refina-analytics.retry","service":"rabbitmq_consumer","timestamp":"2026-04-03T15:21:30.815Z"}
{"level":"info","message":"shutdown_started","service":"main","timestamp":"2026-04-03T15:21:53.328Z"}
{"level":"info","message":"grpc_server_shutdown","service":"grpc_server","timestamp":"2026-04-03T15:21:53.331Z"}
{"level":"warn","message":"channel_closed","service":"rabbitmq_consumer","timestamp":"2026-04-03T15:21:53.345Z"}
{"level":"info","message":"db_connected","service":"database","timestamp":"2026-04-03T15:22:00.102Z"}
{"docs_url":"/api-docs","json_url":"/api-docs.json","level":"info","message":"swagger_ui_started","service":"http_server","timestamp":"2026-04-03T15:22:00.112Z","yaml_url":"/api-docs.yaml"}
{"env":"development","level":"info","log_level":"debug","message":"http_server_started","port":8012,"service":"http_server","timestamp":"2026-04-03T15:22:00.118Z"}
{"level":"info","message":"grpc_server_started","port":10004,"service":"grpc_server","timestamp":"2026-04-03T15:22:00.121Z"}
{"level":"info","message":"rabbitmq_connected","service":"rabbitmq","timestamp":"2026-04-03T15:22:00.393Z"}
{"exchange":"refina_microservice","level":"info","message":"queue_bound","queue":"refina-analytics","routingKey":"wallet.*","service":"rabbitmq_consumer","timestamp":"2026-04-03T15:22:00.408Z"}
{"exchange":"refina_microservice","level":"info","message":"queue_bound","queue":"refina-analytics","routingKey":"transaction.*","service":"rabbitmq_consumer","timestamp":"2026-04-03T15:22:00.409Z"}
{"exchange":"refina_microservice","level":"info","message":"queue_bound","queue":"refina-analytics","routingKey":"investment.*","service":"rabbitmq_consumer","timestamp":"2026-04-03T15:22:00.411Z"}
{"bindings":["wallet.*","transaction.*","investment.*"],"exchange":"refina_microservice","level":"info","maxRetry":4,"message":"consumer_ready","queue":"refina-analytics","retryDelayMs":15000,"retryQueue":"refina-analytics.retry","service":"rabbitmq_consumer","timestamp":"2026-04-03T15:22:00.418Z"}
{"level":"debug","message":"grpc_request_received","method":"/dashboard.DashboardService/GetCategoryTransactions","request_id":"bd7d56ca-c48c-43da-b619-10a3f830f051","service":"grpc_server","timestamp":"2026-04-03T15:22:24.336Z","user_id":"a79a39e5-d70f-41ae-b7e6-36246a99172d"}
{"level":"debug","message":"DEBUG: ","result":[{"Description":"semir sepatu","TransactionDate":"2026-02-01T14:23:37.000Z","TransactionID":"722ce3b3-4a1d-4a03-b103-ab729c9a869f","WalletName":"Shopeepay"},{"Description":"semir sepatu","TransactionDate":"2026-01-30T14:15:20.000Z","TransactionID":"3af79c39-ec4a-49d7-850a-7f5061e6c487","WalletName":"BCA Xpresi"},{"Description":"Baju koko","TransactionDate":"2026-01-27T14:22:05.000Z","TransactionID":"b4a9997f-c96f-4165-bec2-e1d7156cb0a5","WalletName":"BCA Xpresi"},{"Description":"Tas","TransactionDate":"2026-01-17T18:55:24.000Z","TransactionID":"29b84d2d-a751-4a9e-87b2-617c0e00b3cb","WalletName":"BCA Xpresi"},{"Description":"Parfum","TransactionDate":"2025-11-13T05:31:48.000Z","TransactionID":"6ccb444b-062a-4bb8-a693-441fa936f8f5","WalletName":"BCA Xpresi"},{"Description":"Knee pad + softcase","TransactionDate":"2025-10-07T07:58:24.000Z","TransactionID":"b009fa5a-d973-47cc-9ce8-a9840f99c182","WalletName":"BCA Xpresi"},{"Description":"Kemeja tiktok","TransactionDate":"2025-09-28T19:33:26.000Z","TransactionID":"e04c91e8-156e-4a90-9cb8-e74521d0637e","WalletName":"BCA Xpresi"},{"Description":"Sisir lipat","TransactionDate":"2025-09-23T19:34:57.000Z","TransactionID":"c04a5a0c-c0f7-4271-9f01-421974ba3497","WalletName":"BCA Xpresi"},{"Description":"Sepatu sandal karet tiktok","TransactionDate":"2025-09-02T07:06:38.000Z","TransactionID":"36437d1e-8567-4114-a341-ee2d7632a705","WalletName":"BCA Xpresi"},{"Description":"gelang","TransactionDate":"2025-08-03T13:25:22.000Z","TransactionID":"ac6c11be-dc93-4eb4-b1e7-65e3be047d38","WalletName":"BCA Xpresi"},{"Description":"jersey arariel + ongkir","TransactionDate":"2025-07-31T23:18:47.000Z","TransactionID":"b58457dd-a3f5-40d5-a944-ca86d0c68890","WalletName":"BCA Xpresi"},{"Description":"Ongkir jersey regilios","TransactionDate":"2025-07-11T09:20:41.000Z","TransactionID":"0f4894bb-6e04-428b-b04d-1bcd3b16c4b6","WalletName":"Shopeepay"},{"Description":"Sarung Tangan, Casing TWS, dan Headset Spaylater","TransactionDate":"2025-07-01T16:17:36.000Z","TransactionID":"3b331ec4-eea8-4420-94e5-9fc057e27589","WalletName":"BCA Xpresi"},{"Description":"Spaylater masker","TransactionDate":"2025-06-30T19:29:50.000Z","TransactionID":"45fe314b-135e-43d4-8132-57fd94fc8902","WalletName":"Shopeepay"},{"Description":"Topi","TransactionDate":"2025-06-27T08:46:13.000Z","TransactionID":"75ea42f2-fa59-4def-808f-e94611401f05","WalletName":"Dompet"},{"Description":"Jersey + keychain regilios","TransactionDate":"2025-06-13T02:46:09.000Z","TransactionID":"63457e75-2ea2-4f18-94de-8248dd380b97","WalletName":"BCA Xpresi"},{"Description":"Cincin + gravir","TransactionDate":"2025-06-02T23:04:51.000Z","TransactionID":"dd17645a-4d7e-4282-8bbf-bb342da07d24","WalletName":"Tabungan NOW"},{"Description":"Beli cincin + gravir di shopee","TransactionDate":"2025-04-17T23:52:45.000Z","TransactionID":"8b135554-19e2-4bbb-99b8-f086813780f6","WalletName":"Shopeepay"},{"Description":"Beli kaos polos di Tiktok","TransactionDate":"2025-04-16T00:51:17.000Z","TransactionID":"26ecc77d-5ea4-4258-8e8e-b3ac296d52c2","WalletName":"Dompet"}],"timestamp":"2026-04-03T15:22:24.470Z"}
{"level":"debug","message":"grpc_request_received","method":"/dashboard.DashboardService/GetCategoryTransactions","request_id":"9b34d673-31b7-4fc1-81d5-ecf50989b441","service":"grpc_server","timestamp":"2026-04-03T15:22:34.972Z","user_id":"a79a39e5-d70f-41ae-b7e6-36246a99172d"}
{"level":"debug","message":"DEBUG: ","result":[{"Description":"Pembelian investasi XAU sebanyak 0.0128603","TransactionDate":"2026-03-12T04:24:37.243Z","TransactionID":"b07db3f6-cd49-4433-a59f-cddfa7bdd4eb","WalletName":"BCA Xpresi"},{"Description":"Pembelian investasi SOL sebanyak 0.04","TransactionDate":"2026-03-08T02:06:41.998Z","TransactionID":"6643cf61-f233-4e7d-b43f-e6f981923293","WalletName":"test"},{"Description":"Pembelian investasi XAU sebanyak 0.00002","TransactionDate":"2026-03-07T06:28:01.523Z","TransactionID":"2477e77f-c254-465f-bb97-be81536552c4","WalletName":"BCA Xpresi"},{"Description":"Pembelian investasi XAU sebanyak 0.001","TransactionDate":"2026-03-07T05:06:45.763Z","TransactionID":"9d07753c-f801-4c93-a23b-99361eaa9000","WalletName":"BCA Xpresi"},{"Description":"Pembelian investasi XAU sebanyak 0.001","TransactionDate":"2026-03-07T00:00:00.000Z","TransactionID":"d9b428d4-430a-4a6e-ad66-bc616ca15007","WalletName":"BCA Xpresi"}],"timestamp":"2026-04-03T15:22:35.119Z"}
{"level":"debug","message":"grpc_request_received","method":"/dashboard.DashboardService/GetCategoryTransactions","request_id":"485992e9-0553-4e62-9ec7-623e486aacd9","service":"grpc_server","timestamp":"2026-04-03T15:22:40.304Z","user_id":"a79a39e5-d70f-41ae-b7e6-36246a99172d"}
{"level":"debug","message":"DEBUG: ","result":[{"Description":"Deker hand wrist ","TransactionDate":"2025-10-26T21:47:43.000Z","TransactionID":"bf9474ec-5f84-4891-bf54-86ae2070787c","WalletName":"BCA Xpresi"}],"timestamp":"2026-04-03T15:22:40.549Z"}
{"level":"debug","message":"grpc_request_received","method":"/dashboard.DashboardService/GetCategoryTransactions","request_id":"9834d9c6-6742-46b0-aae7-ea37db2f7041","service":"grpc_server","timestamp":"2026-04-03T15:22:43.401Z","user_id":"a79a39e5-d70f-41ae-b7e6-36246a99172d"}
{"level":"debug","message":"DEBUG: ","result":[{"Description":"Test personality online","TransactionDate":"2026-01-30T14:17:05.000Z","TransactionID":"2df2b0bf-eb95-47b8-87a8-51e1ac4e92ac","WalletName":"BCA Xpresi"},{"Description":"Test personality online","TransactionDate":"2025-12-23T08:52:52.000Z","TransactionID":"afbc5db6-7063-41aa-8e88-d6b719f9ced0","WalletName":"BCA Xpresi"}],"timestamp":"2026-04-03T15:22:43.517Z"}
{"level":"debug","message":"grpc_request_received","method":"/dashboard.DashboardService/GetCategoryTransactions","request_id":"96f93958-724d-4c8b-8bbe-bf0de6124041","service":"grpc_server","timestamp":"2026-04-03T15:22:47.461Z","user_id":"a79a39e5-d70f-41ae-b7e6-36246a99172d"}
{"level":"debug","message":"DEBUG: ","result":[{"Description":"mas wisnu nikah","TransactionDate":"2025-06-09T02:16:15.000Z","TransactionID":"e7aae996-afb0-4697-b428-82f70eafcd74","WalletName":"Dompet"}],"timestamp":"2026-04-03T15:22:47.719Z"}
{"level":"debug","message":"grpc_request_received","method":"/dashboard.DashboardService/GetUserTransactions","request_id":"92167e1c-3bc6-421b-9465-93f816256db1","service":"grpc_server","timestamp":"2026-04-03T15:22:51.982Z","user_id":"a79a39e5-d70f-41ae-b7e6-36246a99172d"}
{"level":"debug","message":"grpc_request_received","method":"/dashboard.DashboardService/GetCategoryTransactions","request_id":"f5f4af5c-cb4e-44ae-9490-6b1e7a497a91","service":"grpc_server","timestamp":"2026-04-03T15:22:54.722Z","user_id":"a79a39e5-d70f-41ae-b7e6-36246a99172d"}
{"level":"debug","message":"DEBUG: ","result":[{"Description":"Emas Digital 0.8gr Pluang","TransactionDate":"2025-12-14T14:00:58.000Z","TransactionID":"e3ab42b2-f8a6-4034-a2b4-0208168fc350","WalletName":"BCA Xpresi"},{"Description":"Emas Digital 5gr Pluang","TransactionDate":"2025-11-21T18:17:56.000Z","TransactionID":"05fdf0d5-f372-4f47-9bf8-8acb97b26ea2","WalletName":"Pluang Rupiah Wallet"},{"Description":"Emas Antam 5gr","TransactionDate":"2025-06-09T23:08:20.000Z","TransactionID":"bd4e31f7-23e1-4242-9c8d-c98f76eb2963","WalletName":"Tabungan NOW"},{"Description":"Emas Pluang 4gr","TransactionDate":"2025-04-13T22:14:45.000Z","TransactionID":"ac1e34c9-9613-4044-ab49-673cd43400aa","WalletName":"Pluang Rupiah Wallet"}],"timestamp":"2026-04-03T15:22:54.890Z"}
{"level":"debug","message":"grpc_request_received","method":"/dashboard.DashboardService/GetCategoryTransactions","request_id":"4a96d2dc-8cc2-4a19-b76c-b0bf0d96e25a","service":"grpc_server","timestamp":"2026-04-03T15:22:57.279Z","user_id":"a79a39e5-d70f-41ae-b7e6-36246a99172d"}
{"level":"debug","message":"DEBUG: ","result":[{"Description":"Reksadana BRI Indeks Syariah Bibit","TransactionDate":"2025-11-23T07:41:57.000Z","TransactionID":"ef278716-d0c6-44c2-872c-15230f4cac07","WalletName":"BCA Xpresi"},{"Description":"Reksadana Obligasi Trimegah Dana Tetap Syariah Kelas A Bibit","TransactionDate":"2025-10-08T11:00:26.000Z","TransactionID":"e032f6e9-cdfa-4f58-bdeb-f9aca0f465ae","WalletName":"BCA Xpresi"},{"Description":"Reksadana BRI Indeks Syariah Bibit","TransactionDate":"2025-10-04T06:22:41.000Z","TransactionID":"2b139b1f-5339-4480-b284-b7195f50e9a7","WalletName":"BCA Xpresi"},{"Description":"Reksadana BRI Indeks Syariah Bibit","TransactionDate":"2025-08-21T06:11:19.000Z","TransactionID":"ecf90911-a36d-477a-8b64-cc7318cc5e87","WalletName":"BCA Xpresi"},{"Description":"Reksadana BRI Indeks Syariah Bibit","TransactionDate":"2025-07-27T17:41:29.000Z","TransactionID":"0ebe7bb8-63b5-46ba-98c6-1bacbd62e56f","WalletName":"BCA Xpresi"}],"timestamp":"2026-04-03T15:22:57.544Z"}
{"level":"debug","message":"grpc_request_received","method":"/dashboard.DashboardService/GetCategoryTransactions","request_id":"6e5873ae-7071-4358-b277-120af16d31ab","service":"grpc_server","timestamp":"2026-04-03T15:23:00.069Z","user_id":"a79a39e5-d70f-41ae-b7e6-36246a99172d"}
{"level":"debug","message":"DEBUG: ","result":[{"Description":"HP Infinix Hot 60 Pro Adek","TransactionDate":"2026-02-08T08:30:54.000Z","TransactionID":"a532a178-8f25-428a-aa63-2e53e48648e0","WalletName":"BCA Xpresi"},{"Description":"Infaq","TransactionDate":"2026-01-30T08:27:36.000Z","TransactionID":"85f8b4e1-48cb-4c5c-8c99-1be21957bea8","WalletName":"Dompet"},{"Description":"paketan mama","TransactionDate":"2026-01-24T16:32:29.000Z","TransactionID":"c256ebcc-b5ee-4090-99df-98b309d8c8e1","WalletName":"BCA Xpresi"},{"Description":"paketan adek","TransactionDate":"2026-01-22T09:33:21.000Z","TransactionID":"9b628e77-8b04-4744-ad6b-895513920930","WalletName":"BCA Xpresi"},{"Description":"Infaq","TransactionDate":"2026-01-16T13:22:36.000Z","TransactionID":"0749935f-f361-45f8-a6aa-348aada6e265","WalletName":"Dompet"},{"Description":"Paketan adek","TransactionDate":"2026-01-08T06:52:33.000Z","TransactionID":"42dbe4e9-a234-499a-8b6d-85c3d4eef15e","WalletName":"BCA Xpresi"},{"Description":"pulsa mama","TransactionDate":"2025-12-31T08:40:08.000Z","TransactionID":"2433a85c-1b62-4a20-9877-53159e112f5b","WalletName":"BCA Xpresi"},{"Description":"Infaq","TransactionDate":"2025-12-26T07:30:17.000Z","TransactionID":"eb883f8a-16fb-42a8-a200-a71bf005d3ae","WalletName":"Dompet"},{"Description":"Paketan adek","TransactionDate":"2025-12-10T10:19:30.000Z","TransactionID":"092d3c19-8dc9-493f-9cfe-7bae4d9b7c9e","WalletName":"BCA Xpresi"},{"Description":"Mesin cuci mama","TransactionDate":"2025-12-08T10:17:19.000Z","TransactionID":"fd20ea28-c10c-41b2-bdf4-16613a3eea01","WalletName":"BCA Xpresi"},{"Description":"celana adek","TransactionDate":"2025-11-23T21:49:59.000Z","TransactionID":"b73637b1-00b2-429e-82e5-b9a6281e8f3d","WalletName":"Dompet"},{"Description":"Infaq","TransactionDate":"2025-11-14T05:33:52.000Z","TransactionID":"503ce7ec-d848-4ccf-89e4-a39dee4babbc","WalletName":"Dompet"},{"Description":"mama & adek","TransactionDate":"2025-11-01T09:42:01.000Z","TransactionID":"55f0b889-75bd-4b6e-a0d0-19f2b003d32f","WalletName":"Dompet"},{"Description":"Adek + mama","TransactionDate":"2025-10-02T10:30:30.000Z","TransactionID":"81b96c62-6862-4a68-b627-079ce25c69c9","WalletName":"Dompet"},{"Description":"mama & adek","TransactionDate":"2025-09-02T07:08:38.000Z","TransactionID":"addefe4e-2f24-4ad5-887f-73caa895e122","WalletName":"Dompet"},{"Description":"mama & adek","TransactionDate":"2025-08-02T07:47:47.000Z","TransactionID":"98411cf1-c53d-416e-aa39-d1affa5ee097","WalletName":"Dompet"},{"Description":"Infaq jumatan","TransactionDate":"2025-08-01T07:47:11.000Z","TransactionID":"24d0204c-7cc1-4840-9fa9-3341d39963bb","WalletName":"Dompet"},{"Description":"mama & adek","TransactionDate":"2025-07-01T06:29:27.000Z","TransactionID":"818ae0ca-e3bd-4c73-b2d5-e453b2228c38","WalletName":"Dompet"},{"Description":"Adek","TransactionDate":"2025-06-01T12:32:01.000Z","TransactionID":"b2e636d9-61e6-48ed-aded-61d6865c7a2e","WalletName":"Dompet"},{"Description":"Mama","TransactionDate":"2025-06-01T12:30:50.000Z","TransactionID":"d0da63ba-1e19-41bc-b936-108ec44ced89","WalletName":"Dompet"},{"Description":"adik","TransactionDate":"2025-04-25T01:33:03.000Z","TransactionID":"1a7d249c-3006-428b-88ab-a44bae90e592","WalletName":"Dompet"},{"Description":"mama","TransactionDate":"2025-04-25T01:32:18.000Z","TransactionID":"79dffe1b-57b0-4214-a4c9-78ec0e7cd05d","WalletName":"Dompet"}],"timestamp":"2026-04-03T15:23:00.208Z"}
{"level":"debug","message":"grpc_request_received","method":"/dashboard.DashboardService/GetUserTransactions","request_id":"c8a912ac-e1d3-405d-9a71-0d4b64a192d8","service":"grpc_server","timestamp":"2026-04-03T15:28:18.241Z","user_id":"a79a39e5-d70f-41ae-b7e6-36246a99172d"}
{"level":"debug","message":"grpc_request_received","method":"/dashboard.DashboardService/GetUserWallets","request_id":"1b29f789-e8af-4b1d-b200-8c845696c49d","service":"grpc_server","timestamp":"2026-04-03T15:28:18.485Z","user_id":"a79a39e5-d70f-41ae-b7e6-36246a99172d"}
{"level":"debug","message":"grpc_request_received","method":"/dashboard.DashboardService/GetUserTransactions","request_id":"93f7bfac-dc20-4e3d-86cc-a87360e3aaef","service":"grpc_server","timestamp":"2026-04-03T15:28:18.748Z","user_id":"a79a39e5-d70f-41ae-b7e6-36246a99172d"}
{"error":"Connection closed: 320 (CONNECTION-FORCED) with message \"CONNECTION_FORCED - broker forced connection closure with reason 'shutdown'\"","level":"warn","message":"rabbitmq_disconnected","service":"rabbitmq","timestamp":"2026-04-03T15:32:30.914Z"}
{"level":"info","message":"shutdown_started","service":"main","timestamp":"2026-04-03T15:32:33.729Z"}
{"level":"info","message":"db_connected","service":"database","timestamp":"2026-04-03T21:49:15.427Z"}
{"docs_url":"/api-docs","json_url":"/api-docs.json","level":"info","message":"swagger_ui_started","service":"http_server","timestamp":"2026-04-03T21:49:15.438Z","yaml_url":"/api-docs.yaml"}
{"env":"development","level":"info","log_level":"debug","message":"http_server_started","port":8012,"service":"http_server","timestamp":"2026-04-03T21:49:15.447Z"}
{"level":"info","message":"grpc_server_started","port":10004,"service":"grpc_server","timestamp":"2026-04-03T21:49:15.450Z"}
{"level":"info","message":"rabbitmq_connected","service":"rabbitmq","timestamp":"2026-04-03T21:49:15.520Z"}
{"exchange":"refina_microservice","level":"info","message":"queue_bound","queue":"refina-analytics","routingKey":"wallet.*","service":"rabbitmq_consumer","timestamp":"2026-04-03T21:49:15.533Z"}
{"exchange":"refina_microservice","level":"info","message":"queue_bound","queue":"refina-analytics","routingKey":"transaction.*","service":"rabbitmq_consumer","timestamp":"2026-04-03T21:49:15.535Z"}
{"exchange":"refina_microservice","level":"info","message":"queue_bound","queue":"refina-analytics","routingKey":"investment.*","service":"rabbitmq_consumer","timestamp":"2026-04-03T21:49:15.537Z"}
{"bindings":["wallet.*","transaction.*","investment.*"],"exchange":"refina_microservice","level":"info","maxRetry":4,"message":"consumer_ready","queue":"refina-analytics","retryDelayMs":15000,"retryQueue":"refina-analytics.retry","service":"rabbitmq_consumer","timestamp":"2026-04-03T21:49:15.718Z"}
{"error":"Unexpected close","level":"warn","message":"rabbitmq_disconnected","service":"rabbitmq","timestamp":"2026-04-03T21:51:19.972Z"}
{"level":"info","message":"rabbitmq_connected","service":"rabbitmq","timestamp":"2026-04-03T21:51:28.079Z"}
{"exchange":"refina_microservice","level":"info","message":"queue_bound","queue":"refina-analytics","routingKey":"wallet.*","service":"rabbitmq_consumer","timestamp":"2026-04-03T21:51:28.151Z"}
{"exchange":"refina_microservice","level":"info","message":"queue_bound","queue":"refina-analytics","routingKey":"transaction.*","service":"rabbitmq_consumer","timestamp":"2026-04-03T21:51:28.160Z"}
{"exchange":"refina_microservice","level":"info","message":"queue_bound","queue":"refina-analytics","routingKey":"investment.*","service":"rabbitmq_consumer","timestamp":"2026-04-03T21:51:28.168Z"}
{"bindings":["wallet.*","transaction.*","investment.*"],"exchange":"refina_microservice","level":"info","maxRetry":4,"message":"consumer_ready","queue":"refina-analytics","retryDelayMs":15000,"retryQueue":"refina-analytics.retry","service":"rabbitmq_consumer","timestamp":"2026-04-03T21:51:28.202Z"}
{"level":"debug","message":"grpc_request_received","method":"/dashboard.DashboardService/GetUserWallets","request_id":"d3dd93c9-8011-4fae-a645-19818161b4ff","service":"grpc_server","timestamp":"2026-04-03T21:59:42.386Z","user_id":"a79a39e5-d70f-41ae-b7e6-36246a99172d"}
{"level":"debug","message":"grpc_request_received","method":"/dashboard.DashboardService/GetUserTransactions","request_id":"7d5a1387-cb18-40af-9d72-6753a5e47360","service":"grpc_server","timestamp":"2026-04-03T21:59:42.504Z","user_id":"a79a39e5-d70f-41ae-b7e6-36246a99172d"}
{"level":"debug","message":"grpc_request_received","method":"/dashboard.DashboardService/GetUserTransactions","request_id":"106b84ba-2eeb-4f9d-ba41-e078151f928e","service":"grpc_server","timestamp":"2026-04-03T21:59:42.519Z","user_id":"a79a39e5-d70f-41ae-b7e6-36246a99172d"}
{"level":"debug","message":"grpc_request_received","method":"/dashboard.DashboardService/GetUserTransactions","request_id":"b4478fc0-1f2d-4cf4-ba4e-719769caa230","service":"grpc_server","timestamp":"2026-04-03T22:02:49.074Z","user_id":"a79a39e5-d70f-41ae-b7e6-36246a99172d"}
{"level":"debug","message":"grpc_request_received","method":"/dashboard.DashboardService/GetCategoryTransactions","request_id":"fc0dbc41-380f-43d9-b2e2-3a3865f5981f","service":"grpc_server","timestamp":"2026-04-03T22:02:58.813Z","user_id":"a79a39e5-d70f-41ae-b7e6-36246a99172d"}
{"level":"debug","message":"DEBUG: ","result":[{"Description":"Emas Digital 0.8gr Pluang","TransactionDate":"2025-12-14T14:00:58.000Z","TransactionID":"e3ab42b2-f8a6-4034-a2b4-0208168fc350","WalletName":"BCA Xpresi"},{"Description":"Emas Digital 5gr Pluang","TransactionDate":"2025-11-21T18:17:56.000Z","TransactionID":"05fdf0d5-f372-4f47-9bf8-8acb97b26ea2","WalletName":"Pluang Rupiah Wallet"},{"Description":"Emas Antam 5gr","TransactionDate":"2025-06-09T23:08:20.000Z","TransactionID":"bd4e31f7-23e1-4242-9c8d-c98f76eb2963","WalletName":"Tabungan NOW"},{"Description":"Emas Pluang 4gr","TransactionDate":"2025-04-13T22:14:45.000Z","TransactionID":"ac1e34c9-9613-4044-ab49-673cd43400aa","WalletName":"Pluang Rupiah Wallet"}],"timestamp":"2026-04-03T22:02:58.974Z"}
{"level":"debug","message":"grpc_request_received","method":"/dashboard.DashboardService/GetUserWallets","request_id":"25c87a57-3a6d-44ce-8e1a-73495cc8915a","service":"grpc_server","timestamp":"2026-04-03T22:04:31.123Z","user_id":"a79a39e5-d70f-41ae-b7e6-36246a99172d"}
{"level":"debug","message":"grpc_request_received","method":"/dashboard.DashboardService/GetUserTransactions","request_id":"58d3a2fe-1b01-422d-97f9-09cfc8fe8005","service":"grpc_server","timestamp":"2026-04-03T22:04:35.630Z","user_id":"a79a39e5-d70f-41ae-b7e6-36246a99172d"}
{"level":"debug","message":"grpc_request_received","method":"/dashboard.DashboardService/GetUserTransactions","request_id":"3d39ea09-2cea-4832-9e95-3ad2a48a5828","service":"grpc_server","timestamp":"2026-04-03T22:04:45.380Z","user_id":"a79a39e5-d70f-41ae-b7e6-36246a99172d"}
{"level":"debug","message":"grpc_request_received","method":"/dashboard.DashboardService/GetCategoryTransactions","request_id":"225113c7-e104-4ad0-9d8e-3813aa26da75","service":"grpc_server","timestamp":"2026-04-03T22:07:54.987Z","user_id":"a79a39e5-d70f-41ae-b7e6-36246a99172d"}
{"level":"debug","message":"DEBUG: ","result":[{"Description":"tesstst","TransactionDate":"2026-03-12T03:41:23.870Z","TransactionID":"71285623-dbc2-40f5-bebc-9d476630cf97","WalletName":"Aegyoooo"},{"Description":"Penjualan investasi sebanyak 0.01 dengan harga jual 1500000/unit","TransactionDate":"2026-03-08T02:53:02.603Z","TransactionID":"0b010920-3310-4cc5-89f6-fabc073743bd","WalletName":"test"},{"Description":"Penjualan investasi sebanyak 0.01 dengan harga jual 1417700/unit","TransactionDate":"2026-03-08T02:24:51.754Z","TransactionID":"15ec974c-19d3-401b-a1a7-76f10bb1353c","WalletName":"test"},{"Description":"Penjualan investasi sebanyak 0.15774 dengan harga jual 95093191.32750095/unit","TransactionDate":"2026-03-07T06:35:57.356Z","TransactionID":"437468a8-c4ba-4ef0-8024-7b788e3f9188","WalletName":"BCA Xpresi"},{"Description":"Penjualan investasi sebanyak 0.001 dengan harga jual 88677000/unit","TransactionDate":"2026-03-07T05:07:45.958Z","TransactionID":"cdcc054c-ce91-4d5a-8c97-261049dc4090","WalletName":"BCA Xpresi"},{"Description":"Penjualan investasi sebanyak 0.001 dengan harga jual 88677000/unit","TransactionDate":"2026-03-07T00:00:00.000Z","TransactionID":"52266c36-41c0-40f3-aaf8-222c9f52823c","WalletName":"BCA Xpresi"},{"Description":"Jual emas digital Pluang 0.1gr","TransactionDate":"2026-02-07T07:44:47.000Z","TransactionID":"2c2bf227-390a-4416-826b-e96d7d5e7a4b","WalletName":"Pluang Rupiah Wallet"},{"Description":"Jual emas digital Pluang 1gr","TransactionDate":"2026-01-27T16:38:58.000Z","TransactionID":"a3564f42-1b44-42c3-8982-f7e949a455be","WalletName":"Pluang Rupiah Wallet"},{"Description":"Jual emas digital Pluang 1gr","TransactionDate":"2026-01-07T18:35:49.000Z","TransactionID":"a5bc29a5-c68c-4e97-bb1b-a4793e91ed2a","WalletName":"Pluang Rupiah Wallet"},{"Description":"Jual emas digital Pluang 0.1gr","TransactionDate":"2026-01-03T17:25:23.000Z","TransactionID":"13298822-0532-4026-ac84-44a50ad707a6","WalletName":"BCA Xpresi"},{"Description":"Jual emas digital Pluang 0.1gr","TransactionDate":"2025-12-30T08:45:00.000Z","TransactionID":"49495a88-7444-4c0e-9e94-5c871f1b02d8","WalletName":"BCA Xpresi"},{"Description":"Jual emas digital Pluang 0.1gr","TransactionDate":"2025-12-24T08:49:46.000Z","TransactionID":"e44a12f6-67ee-43a7-8108-f22715489fe5","WalletName":"BCA Xpresi"},{"Description":"Jual Reksadana Saham BRI Indeks Syariah 756.0614 Unit","TransactionDate":"2025-12-11T10:21:28.000Z","TransactionID":"85509e92-e8f1-4bbd-9ed1-122affb83796","WalletName":"BCA Xpresi"},{"Description":"Jual emas digital Pluang 2.35gr","TransactionDate":"2025-12-08T10:15:53.000Z","TransactionID":"ecbeb2a4-197c-4d27-9995-052a47a2cdb7","WalletName":"BCA Xpresi"},{"Description":"Jual emas digital Pluang 0.125gr","TransactionDate":"2025-12-07T10:13:55.000Z","TransactionID":"41893030-4747-47c0-9a20-408e1fc12f91","WalletName":"BCA Xpresi"},{"Description":"Jual emas digital Pluang 0.125gr","TransactionDate":"2025-11-29T11:45:07.000Z","TransactionID":"ca995c69-d47d-45e4-9a62-89365e2354dd","WalletName":"BCA Xpresi"},{"Description":"Jual Reksadana Saham BRI Indeks Syariah 208,0521 Unit ","TransactionDate":"2025-11-20T08:05:21.000Z","TransactionID":"28dbd7d7-498f-4ab1-a94b-8f2f21c8e843","WalletName":"BCA Xpresi"},{"Description":"Jual Trimegah Dana Tetap Syariah Kelas A Obligasi 4,011.0920 Unit ","TransactionDate":"2025-11-05T14:04:45.000Z","TransactionID":"0dd6d243-e21e-4bcf-98f7-ad1adcf22403","WalletName":"BCA Xpresi"},{"Description":"Jual Trimegah Dana Tetap Syariah Kelas A Obligasi 4,318.5446 Unit ","TransactionDate":"2025-10-24T18:12:51.000Z","TransactionID":"40df24dd-8614-4ca0-b4b5-842ef19b76f3","WalletName":"BCA Xpresi"},{"Description":"Jual emas digital Pluang 2gr","TransactionDate":"2025-10-04T06:11:45.000Z","TransactionID":"55ec8679-e16b-49ee-82d2-d2d24c093fc5","WalletName":"Pluang Rupiah Wallet"},{"Description":"Jual emas digital Pluang 2gr","TransactionDate":"2025-07-14T00:02:02.000Z","TransactionID":"c3a62ec6-f490-412b-a2f4-8eaea675742c","WalletName":"Pluang Rupiah Wallet"},{"Description":"Jual Reksadana SSSF 437 unit","TransactionDate":"2025-04-25T01:38:18.000Z","TransactionID":"7a4b232a-0595-4d1e-b626-3e18e8a15d99","WalletName":"Tabungan NOW"},{"Description":"Jual Reksadana MPUSI 340 unit","TransactionDate":"2025-04-25T01:35:24.000Z","TransactionID":"27cf2dc9-cbc3-49ef-ad29-0daa83c88f0d","WalletName":"Tabungan NOW"},{"Description":"Jual Reksadana Pasar Uang MPUSI 37.7698 unit Bibit","TransactionDate":"2025-04-12T12:50:04.000Z","TransactionID":"ba3b9152-544e-4ec1-9474-2af9fe83a97d","WalletName":"Tabungan NOW"}],"timestamp":"2026-04-03T22:07:55.902Z"}
{"level":"debug","message":"grpc_request_received","method":"/dashboard.DashboardService/GetUserTransactions","request_id":"2a154143-accc-49d4-84bc-4e9cf2030953","service":"grpc_server","timestamp":"2026-04-03T22:13:43.519Z","user_id":"a79a39e5-d70f-41ae-b7e6-36246a99172d"}
{"level":"debug","message":"grpc_request_received","method":"/dashboard.DashboardService/GetUserTransactions","request_id":"a60cebf7-b675-45ce-9a47-59cdbb207c9e","service":"grpc_server","timestamp":"2026-04-03T22:13:43.551Z","user_id":"a79a39e5-d70f-41ae-b7e6-36246a99172d"}
{"level":"debug","message":"grpc_request_received","method":"/dashboard.DashboardService/GetUserWallets","request_id":"f8f43383-a9e1-47d9-8407-4ff230d610b3","service":"grpc_server","timestamp":"2026-04-03T22:13:43.557Z","user_id":"a79a39e5-d70f-41ae-b7e6-36246a99172d"}
{"level":"debug","message":"grpc_request_received","method":"/dashboard.DashboardService/GetUserTransactions","request_id":"7f38515a-a051-4d76-9c6e-66dd7599ed76","service":"grpc_server","timestamp":"2026-04-03T22:23:10.051Z","user_id":"a79a39e5-d70f-41ae-b7e6-36246a99172d"}
{"level":"debug","message":"grpc_request_received","method":"/dashboard.DashboardService/GetUserTransactions","request_id":"3e6680cd-42f0-4a30-a5d7-eb5740081620","service":"grpc_server","timestamp":"2026-04-03T22:26:22.157Z","user_id":"a79a39e5-d70f-41ae-b7e6-36246a99172d"}
{"level":"debug","message":"grpc_request_received","method":"/dashboard.DashboardService/GetUserWallets","request_id":"50d4a223-5166-4dd0-8752-0cb8401e8079","service":"grpc_server","timestamp":"2026-04-03T22:26:30.387Z","user_id":"a79a39e5-d70f-41ae-b7e6-36246a99172d"}
{"level":"debug","message":"grpc_request_received","method":"/dashboard.DashboardService/GetUserTransactions","request_id":"4660de75-68a8-48e0-9a62-afec17627738","service":"grpc_server","timestamp":"2026-04-03T22:32:23.421Z","user_id":"a79a39e5-d70f-41ae-b7e6-36246a99172d"}
{"level":"debug","message":"grpc_request_received","method":"/dashboard.DashboardService/GetUserTransactions","request_id":"be27e6cf-eb27-4c95-bcc0-880c9ed5895f","service":"grpc_server","timestamp":"2026-04-03T22:32:23.787Z","user_id":"a79a39e5-d70f-41ae-b7e6-36246a99172d"}
{"level":"debug","message":"grpc_request_received","method":"/dashboard.DashboardService/GetUserWallets","request_id":"3749cac9-b6bd-4364-a01c-368ee85362d9","service":"grpc_server","timestamp":"2026-04-03T22:33:25.193Z","user_id":"a79a39e5-d70f-41ae-b7e6-36246a99172d"}
{"level":"debug","message":"grpc_request_received","method":"/dashboard.DashboardService/GetUserTransactions","request_id":"ae202f2e-f55b-4a02-9783-c9b86c14dc5a","service":"grpc_server","timestamp":"2026-04-03T22:37:33.452Z","user_id":"a79a39e5-d70f-41ae-b7e6-36246a99172d"}
{"level":"debug","message":"grpc_request_received","method":"/dashboard.DashboardService/GetCategoryTransactions","request_id":"b793ec58-2038-4777-b85b-b3cd256ae2cb","service":"grpc_server","timestamp":"2026-04-03T22:37:50.126Z","user_id":"a79a39e5-d70f-41ae-b7e6-36246a99172d"}
{"level":"debug","message":"DEBUG: ","result":[{"Description":"Dudukan laptop","TransactionDate":"2026-01-20T18:44:59.000Z","TransactionID":"cc994ea6-7e41-4e1c-8922-89818ddde4d5","WalletName":"BCA Xpresi"},{"Description":"Mouse pad","TransactionDate":"2026-01-18T07:43:54.000Z","TransactionID":"8b09c15c-82d8-4e87-8817-3a0a0243465c","WalletName":"BCA Xpresi"},{"Description":"Extension laptop + usb hub","TransactionDate":"2025-12-30T08:41:29.000Z","TransactionID":"2feb246b-22f0-4007-9a17-763dbfcb228b","WalletName":"BCA Xpresi"},{"Description":"Keyboard Kabel Shopee","TransactionDate":"2025-11-01T20:03:53.000Z","TransactionID":"4cb15c80-527a-4433-9990-36bd0a7f1382","WalletName":"BCA Xpresi"},{"Description":"tempered glass hp","TransactionDate":"2025-08-15T11:15:45.000Z","TransactionID":"818537bd-d012-4b48-85fe-5d8822fbb948","WalletName":"BCA Xpresi"}],"timestamp":"2026-04-03T22:37:50.398Z"}
{"level":"debug","message":"grpc_request_received","method":"/dashboard.DashboardService/GetUserTransactions","request_id":"35b7bae3-645c-41ce-8f15-eeb799c6dca9","service":"grpc_server","timestamp":"2026-04-03T22:40:19.781Z","user_id":"a79a39e5-d70f-41ae-b7e6-36246a99172d"}
{"error":"Connection closed: 320 (CONNECTION-FORCED) with message \"CONNECTION_FORCED - broker forced connection closure with reason 'shutdown'\"","level":"warn","message":"rabbitmq_disconnected","service":"rabbitmq","timestamp":"2026-04-03T22:58:00.058Z"}
{"level":"info","message":"shutdown_started","service":"main","timestamp":"2026-04-03T22:58:02.345Z"}
{"level":"info","message":"db_connected","service":"database","timestamp":"2026-04-04T04:57:01.275Z"}
{"docs_url":"/api-docs","json_url":"/api-docs.json","level":"info","message":"swagger_ui_started","service":"http_server","timestamp":"2026-04-04T04:57:01.303Z","yaml_url":"/api-docs.yaml"}
{"env":"development","level":"info","log_level":"debug","message":"http_server_started","port":8012,"service":"http_server","timestamp":"2026-04-04T04:57:01.330Z"}
{"level":"info","message":"grpc_server_started","port":10004,"service":"grpc_server","timestamp":"2026-04-04T04:57:01.337Z"}
{"level":"info","message":"rabbitmq_connected","service":"rabbitmq","timestamp":"2026-04-04T04:57:01.458Z"}
{"exchange":"refina_microservice","level":"info","message":"queue_bound","queue":"refina-analytics","routingKey":"wallet.*","service":"rabbitmq_consumer","timestamp":"2026-04-04T04:57:01.470Z"}
{"exchange":"refina_microservice","level":"info","message":"queue_bound","queue":"refina-analytics","routingKey":"transaction.*","service":"rabbitmq_consumer","timestamp":"2026-04-04T04:57:01.473Z"}
{"exchange":"refina_microservice","level":"info","message":"queue_bound","queue":"refina-analytics","routingKey":"investment.*","service":"rabbitmq_consumer","timestamp":"2026-04-04T04:57:01.477Z"}
{"bindings":["wallet.*","transaction.*","investment.*"],"exchange":"refina_microservice","level":"info","maxRetry":4,"message":"consumer_ready","queue":"refina-analytics","retryDelayMs":15000,"retryQueue":"refina-analytics.retry","service":"rabbitmq_consumer","timestamp":"2026-04-04T04:57:01.488Z"}
{"level":"debug","message":"grpc_request_received","method":"/dashboard.DashboardService/GetUserTransactions","request_id":"dc573c96-382e-45d2-b160-d22e385009ac","service":"grpc_server","timestamp":"2026-04-04T04:58:20.339Z","user_id":"a79a39e5-d70f-41ae-b7e6-36246a99172d"}
{"level":"debug","message":"grpc_request_received","method":"/dashboard.DashboardService/GetUserWallets","request_id":"19b41ada-5fc3-4fab-b92a-75f2461cf727","service":"grpc_server","timestamp":"2026-04-04T04:58:20.365Z","user_id":"a79a39e5-d70f-41ae-b7e6-36246a99172d"}
{"level":"debug","message":"grpc_request_received","method":"/dashboard.DashboardService/GetUserTransactions","request_id":"f1161569-bb05-430c-9332-ee21ebb47ecb","service":"grpc_server","timestamp":"2026-04-04T04:58:20.443Z","user_id":"a79a39e5-d70f-41ae-b7e6-36246a99172d"}
{"error":"connect EHOSTUNREACH 69.62.80.249:27017","level":"error","message":"wallet_updated_failed","service":"rabbitmq_consumer","timestamp":"2026-04-04T05:43:13.917Z"}
{"error":"connect EHOSTUNREACH 69.62.80.249:27017","level":"error","maxRetry":4,"message":"handler_failed","retryCount":0,"routingKey":"wallet.updated","service":"rabbitmq_consumer","timestamp":"2026-04-04T05:43:13.923Z"}
{"error":"connect EHOSTUNREACH 69.62.80.249:27017","level":"error","message":"transaction_created_failed","service":"rabbitmq_consumer","timestamp":"2026-04-04T05:43:44.465Z"}
{"error":"connect EHOSTUNREACH 69.62.80.249:27017","level":"error","maxRetry":4,"message":"handler_failed","retryCount":0,"routingKey":"transaction.created","service":"rabbitmq_consumer","timestamp":"2026-04-04T05:43:44.465Z"}
{"error":"connect EHOSTUNREACH 69.62.80.249:27017","level":"error","message":"wallet_updated_failed","service":"rabbitmq_consumer","timestamp":"2026-04-04T05:44:14.488Z"}
{"error":"connect EHOSTUNREACH 69.62.80.249:27017","level":"error","maxRetry":4,"message":"handler_failed","retryCount":1,"routingKey":"wallet.updated","service":"rabbitmq_consumer","timestamp":"2026-04-04T05:44:14.489Z"}
{"error":"connect EHOSTUNREACH 69.62.80.249:27017","level":"error","message":"transaction_created_failed","service":"rabbitmq_consumer","timestamp":"2026-04-04T05:44:44.507Z"}
{"error":"connect EHOSTUNREACH 69.62.80.249:27017","level":"error","maxRetry":4,"message":"handler_failed","retryCount":1,"routingKey":"transaction.created","service":"rabbitmq_consumer","timestamp":"2026-04-04T05:44:44.507Z"}
{"error":"connect EHOSTUNREACH 69.62.80.249:27017","level":"error","message":"wallet_updated_failed","service":"rabbitmq_consumer","timestamp":"2026-04-04T05:45:14.524Z"}
{"error":"connect EHOSTUNREACH 69.62.80.249:27017","level":"error","maxRetry":4,"message":"handler_failed","retryCount":2,"routingKey":"wallet.updated","service":"rabbitmq_consumer","timestamp":"2026-04-04T05:45:14.524Z"}
{"error":"connect EHOSTUNREACH 69.62.80.249:27017","level":"error","message":"transaction_created_failed","service":"rabbitmq_consumer","timestamp":"2026-04-04T05:45:44.539Z"}
{"error":"connect EHOSTUNREACH 69.62.80.249:27017","level":"error","maxRetry":4,"message":"handler_failed","retryCount":2,"routingKey":"transaction.created","service":"rabbitmq_consumer","timestamp":"2026-04-04T05:45:44.540Z"}
{"error":"connect EHOSTUNREACH 69.62.80.249:27017","level":"error","message":"wallet_updated_failed","service":"rabbitmq_consumer","timestamp":"2026-04-04T05:46:14.555Z"}
{"error":"connect EHOSTUNREACH 69.62.80.249:27017","level":"error","maxRetry":4,"message":"handler_failed","retryCount":3,"routingKey":"wallet.updated","service":"rabbitmq_consumer","timestamp":"2026-04-04T05:46:14.556Z"}
{"error":"connect EHOSTUNREACH 69.62.80.249:27017","level":"error","message":"transaction_created_failed","service":"rabbitmq_consumer","timestamp":"2026-04-04T05:46:44.574Z"}
{"error":"connect EHOSTUNREACH 69.62.80.249:27017","level":"error","maxRetry":4,"message":"handler_failed","retryCount":3,"routingKey":"transaction.created","service":"rabbitmq_consumer","timestamp":"2026-04-04T05:46:44.574Z"}
{"level":"info","message":"wallet_updated_processed","service":"rabbitmq_consumer","timestamp":"2026-04-04T05:46:53.357Z","user_id":"a79a39e5-d70f-41ae-b7e6-36246a99172d","wallet_id":"9dac3b26-ef63-40ff-a945-f8b0ebba4b36"}
{"level":"info","message":"transaction_created_processed","service":"rabbitmq_consumer","timestamp":"2026-04-04T05:47:02.014Z","transaction_id":"5b68965b-8bce-4c2c-9c25-2ae4515cb582"}
{"level":"debug","message":"grpc_request_received","method":"/dashboard.DashboardService/GetUserTransactions","request_id":"128cf874-ee8a-4084-a3a9-c03d6733bb5f","service":"grpc_server","timestamp":"2026-04-04T06:01:17.729Z","user_id":"a79a39e5-d70f-41ae-b7e6-36246a99172d"}
{"level":"debug","message":"grpc_request_received","method":"/dashboard.DashboardService/GetUserWallets","request_id":"95baede1-8601-4b17-acb4-9648827e03cc","service":"grpc_server","timestamp":"2026-04-04T06:01:18.137Z","user_id":"a79a39e5-d70f-41ae-b7e6-36246a99172d"}
{"level":"debug","message":"grpc_request_received","method":"/dashboard.DashboardService/GetUserTransactions","request_id":"f492a4b1-34f0-45b2-9ecd-6a2173951807","service":"grpc_server","timestamp":"2026-04-04T06:01:18.163Z","user_id":"a79a39e5-d70f-41ae-b7e6-36246a99172d"}
{"level":"info","message":"wallet_updated_processed","service":"rabbitmq_consumer","timestamp":"2026-04-04T06:01:44.686Z","user_id":"a79a39e5-d70f-41ae-b7e6-36246a99172d","wallet_id":"9dac3b26-ef63-40ff-a945-f8b0ebba4b36"}
{"level":"debug","message":"grpc_request_received","method":"/dashboard.DashboardService/GetUserWallets","request_id":"e1bf6758-b78a-4dd6-9aa7-73e673b23e6d","service":"grpc_server","timestamp":"2026-04-04T06:01:45.554Z","user_id":"a79a39e5-d70f-41ae-b7e6-36246a99172d"}
{"level":"debug","message":"grpc_request_received","method":"/dashboard.DashboardService/GetUserTransactions","request_id":"15cb20e9-d20c-4be9-9e64-45c94571f596","service":"grpc_server","timestamp":"2026-04-04T06:01:45.556Z","user_id":"a79a39e5-d70f-41ae-b7e6-36246a99172d"}
{"level":"debug","message":"grpc_request_received","method":"/dashboard.DashboardService/GetUserTransactions","request_id":"1546d122-db6c-4bc0-a386-5269c23f80dc","service":"grpc_server","timestamp":"2026-04-04T06:01:45.714Z","user_id":"a79a39e5-d70f-41ae-b7e6-36246a99172d"}
{"level":"info","message":"transaction_created_processed","service":"rabbitmq_consumer","timestamp":"2026-04-04T06:01:48.453Z","transaction_id":"f4a22af8-5a13-42e7-aa74-73384d5c0130"}
{"level":"info","message":"transaction_deleted_processed","service":"rabbitmq_consumer","timestamp":"2026-04-04T06:14:21.556Z","transaction_id":"5b68965b-8bce-4c2c-9c25-2ae4515cb582"}
{"level":"info","message":"wallet_updated_processed","service":"rabbitmq_consumer","timestamp":"2026-04-04T06:14:24.006Z","user_id":"a79a39e5-d70f-41ae-b7e6-36246a99172d","wallet_id":"9dac3b26-ef63-40ff-a945-f8b0ebba4b36"}
{"level":"info","message":"wallet_updated_processed","service":"rabbitmq_consumer","timestamp":"2026-04-04T06:14:24.717Z","user_id":"a79a39e5-d70f-41ae-b7e6-36246a99172d","wallet_id":"9dac3b26-ef63-40ff-a945-f8b0ebba4b36"}
{"level":"info","message":"transaction_deleted_processed","service":"rabbitmq_consumer","timestamp":"2026-04-04T06:14:26.264Z","transaction_id":"f4a22af8-5a13-42e7-aa74-73384d5c0130"}
{"error":"Connection closed: 320 (CONNECTION-FORCED) with message \"CONNECTION_FORCED - broker forced connection closure with reason 'shutdown'\"","level":"warn","message":"rabbitmq_disconnected","service":"rabbitmq","timestamp":"2026-04-04T06:34:31.256Z"}
{"level":"info","message":"shutdown_started","service":"main","timestamp":"2026-04-04T06:34:31.709Z"}
{"level":"info","message":"db_connected","service":"database","timestamp":"2026-04-04T10:11:09.450Z"}
{"docs_url":"/api-docs","json_url":"/api-docs.json","level":"info","message":"swagger_ui_started","service":"http_server","timestamp":"2026-04-04T10:11:09.479Z","yaml_url":"/api-docs.yaml"}
{"env":"development","level":"info","log_level":"debug","message":"http_server_started","port":8012,"service":"http_server","timestamp":"2026-04-04T10:11:09.499Z"}
{"level":"info","message":"grpc_server_started","port":10004,"service":"grpc_server","timestamp":"2026-04-04T10:11:09.506Z"}
{"level":"info","message":"rabbitmq_connected","service":"rabbitmq","timestamp":"2026-04-04T10:11:09.565Z"}
{"exchange":"refina_microservice","level":"info","message":"queue_bound","queue":"refina-analytics","routingKey":"wallet.*","service":"rabbitmq_consumer","timestamp":"2026-04-04T10:11:09.615Z"}
{"exchange":"refina_microservice","level":"info","message":"queue_bound","queue":"refina-analytics","routingKey":"transaction.*","service":"rabbitmq_consumer","timestamp":"2026-04-04T10:11:09.620Z"}
{"exchange":"refina_microservice","level":"info","message":"queue_bound","queue":"refina-analytics","routingKey":"investment.*","service":"rabbitmq_consumer","timestamp":"2026-04-04T10:11:09.639Z"}
{"bindings":["wallet.*","transaction.*","investment.*"],"exchange":"refina_microservice","level":"info","maxRetry":4,"message":"consumer_ready","queue":"refina-analytics","retryDelayMs":15000,"retryQueue":"refina-analytics.retry","service":"rabbitmq_consumer","timestamp":"2026-04-04T10:11:09.658Z"}
{"level":"debug","message":"grpc_request_received","method":"/dashboard.DashboardService/GetUserTransactions","request_id":"3b72edb7-3d76-4219-8dab-c8f60af265e1","service":"grpc_server","timestamp":"2026-04-04T10:35:46.811Z","user_id":"a79a39e5-d70f-41ae-b7e6-36246a99172d"}
{"level":"debug","message":"grpc_request_received","method":"/dashboard.DashboardService/GetUserWallets","request_id":"6d75733b-bb23-48f6-87d1-be1d142dbed9","service":"grpc_server","timestamp":"2026-04-04T10:35:46.876Z","user_id":"a79a39e5-d70f-41ae-b7e6-36246a99172d"}
{"level":"debug","message":"grpc_request_received","method":"/dashboard.DashboardService/GetUserTransactions","request_id":"67aa84f9-6683-4bd2-8389-25969db6686f","service":"grpc_server","timestamp":"2026-04-04T10:35:46.932Z","user_id":"a79a39e5-d70f-41ae-b7e6-36246a99172d"}
{"level":"debug","message":"grpc_request_received","method":"/dashboard.DashboardService/GetUserWallets","request_id":"49050c36-8d1b-4e01-a16b-989c8b8088f7","service":"grpc_server","timestamp":"2026-04-04T10:36:01.945Z","user_id":"a79a39e5-d70f-41ae-b7e6-36246a99172d"}
{"error":"Socket 'connect' timed out after 30001ms (connectTimeoutMS: 30000)","handler":"getUserTransactions","level":"error","message":"grpc_handler_failed","request_id":"3b72edb7-3d76-4219-8dab-c8f60af265e1","service":"grpc_server","timestamp":"2026-04-04T10:36:16.882Z","user_id":"a79a39e5-d70f-41ae-b7e6-36246a99172d"}
{"error":"Socket 'connect' timed out after 30001ms (connectTimeoutMS: 30000)","handler":"getUserWallets","level":"error","message":"grpc_handler_failed","request_id":"6d75733b-bb23-48f6-87d1-be1d142dbed9","service":"grpc_server","timestamp":"2026-04-04T10:36:16.931Z","user_id":"a79a39e5-d70f-41ae-b7e6-36246a99172d"}
{"error":"Socket 'connect' timed out after 30001ms (connectTimeoutMS: 30000)","handler":"getUserTransactions","level":"error","message":"grpc_handler_failed","request_id":"67aa84f9-6683-4bd2-8389-25969db6686f","service":"grpc_server","timestamp":"2026-04-04T10:36:16.936Z","user_id":"a79a39e5-d70f-41ae-b7e6-36246a99172d"}
{"level":"debug","message":"grpc_request_received","method":"/dashboard.DashboardService/GetUserWallets","request_id":"a03a7bce-a9f2-4ba6-8117-8f78991e8d6c","service":"grpc_server","timestamp":"2026-04-04T10:36:19.497Z","user_id":"a79a39e5-d70f-41ae-b7e6-36246a99172d"}
{"level":"debug","message":"grpc_request_received","method":"/dashboard.DashboardService/GetUserWallets","request_id":"dc7d139f-4dc6-442a-b7fa-75858b91f907","service":"grpc_server","timestamp":"2026-04-04T10:36:19.503Z","user_id":"a79a39e5-d70f-41ae-b7e6-36246a99172d"}
{"level":"debug","message":"grpc_request_received","method":"/dashboard.DashboardService/GetUserTransactions","request_id":"2738a56d-214a-49bb-a976-d131a822817c","service":"grpc_server","timestamp":"2026-04-04T10:36:20.105Z","user_id":"a79a39e5-d70f-41ae-b7e6-36246a99172d"}
{"level":"debug","message":"grpc_request_received","method":"/dashboard.DashboardService/GetUserTransactions","request_id":"d2774d1c-1110-4347-a35b-ac646cc9f56d","service":"grpc_server","timestamp":"2026-04-04T10:36:20.135Z","user_id":"a79a39e5-d70f-41ae-b7e6-36246a99172d"}
{"error":"Socket 'connect' timed out after 30001ms (connectTimeoutMS: 30000)","handler":"getUserWallets","level":"error","message":"grpc_handler_failed","request_id":"49050c36-8d1b-4e01-a16b-989c8b8088f7","service":"grpc_server","timestamp":"2026-04-04T10:36:31.966Z","user_id":"a79a39e5-d70f-41ae-b7e6-36246a99172d"}
{"error":"Socket 'connect' timed out after 30001ms (connectTimeoutMS: 30000)","handler":"getUserWallets","level":"error","message":"grpc_handler_failed","request_id":"a03a7bce-a9f2-4ba6-8117-8f78991e8d6c","service":"grpc_server","timestamp":"2026-04-04T10:36:49.501Z","user_id":"a79a39e5-d70f-41ae-b7e6-36246a99172d"}
{"error":"Socket 'connect' timed out after 30001ms (connectTimeoutMS: 30000)","handler":"getUserWallets","level":"error","message":"grpc_handler_failed","request_id":"dc7d139f-4dc6-442a-b7fa-75858b91f907","service":"grpc_server","timestamp":"2026-04-04T10:36:49.504Z","user_id":"a79a39e5-d70f-41ae-b7e6-36246a99172d"}
{"error":"Socket 'connect' timed out after 30001ms (connectTimeoutMS: 30000)","handler":"getUserTransactions","level":"error","message":"grpc_handler_failed","request_id":"2738a56d-214a-49bb-a976-d131a822817c","service":"grpc_server","timestamp":"2026-04-04T10:36:50.111Z","user_id":"a79a39e5-d70f-41ae-b7e6-36246a99172d"}
{"error":"Socket 'connect' timed out after 30001ms (connectTimeoutMS: 30000)","handler":"getUserTransactions","level":"error","message":"grpc_handler_failed","request_id":"d2774d1c-1110-4347-a35b-ac646cc9f56d","service":"grpc_server","timestamp":"2026-04-04T10:36:50.137Z","user_id":"a79a39e5-d70f-41ae-b7e6-36246a99172d"}
{"level":"debug","message":"grpc_request_received","method":"/dashboard.DashboardService/GetUserFinancialSummary","request_id":"4ea3e3aa-271f-4806-92df-37a30e066dda","service":"grpc_server","timestamp":"2026-04-04T10:37:24.408Z","user_id":"a79a39e5-d70f-41ae-b7e6-36246a99172d"}
{"level":"debug","message":"grpc_request_received","method":"/dashboard.DashboardService/GetUserFinancialSummary","request_id":"6ea05f46-1b5e-40d9-991d-dd5e45cbf174","service":"grpc_server","timestamp":"2026-04-04T10:37:24.435Z","user_id":"a79a39e5-d70f-41ae-b7e6-36246a99172d"}
{"level":"debug","message":"grpc_request_received","method":"/dashboard.DashboardService/GetUserTransactions","request_id":"aa149384-c4c1-45e0-b557-a4f834699b46","service":"grpc_server","timestamp":"2026-04-04T10:37:27.649Z","user_id":"a79a39e5-d70f-41ae-b7e6-36246a99172d"}
{"level":"debug","message":"grpc_request_received","method":"/dashboard.DashboardService/GetUserWallets","request_id":"40c7c1c2-b439-42b9-afd3-f47c85c3902b","service":"grpc_server","timestamp":"2026-04-04T10:37:27.651Z","user_id":"a79a39e5-d70f-41ae-b7e6-36246a99172d"}
{"level":"debug","message":"grpc_request_received","method":"/dashboard.DashboardService/GetUserWallets","request_id":"0aacfef5-5244-403a-b1fe-2b9f14b0eaea","service":"grpc_server","timestamp":"2026-04-04T10:37:27.653Z","user_id":"a79a39e5-d70f-41ae-b7e6-36246a99172d"}
{"level":"debug","message":"grpc_request_received","method":"/dashboard.DashboardService/GetUserTransactions","request_id":"80a10b9a-bc5e-4387-8613-6c3284995394","service":"grpc_server","timestamp":"2026-04-04T10:37:27.654Z","user_id":"a79a39e5-d70f-41ae-b7e6-36246a99172d"}
{"error":"Socket 'connect' timed out after 30001ms (connectTimeoutMS: 30000)","handler":"getUserFinancialSummary","level":"error","message":"grpc_handler_failed","request_id":"4ea3e3aa-271f-4806-92df-37a30e066dda","service":"grpc_server","timestamp":"2026-04-04T10:37:54.431Z","user_id":"a79a39e5-d70f-41ae-b7e6-36246a99172d"}
{"error":"Socket 'connect' timed out after 30001ms (connectTimeoutMS: 30000)","handler":"getUserFinancialSummary","level":"error","message":"grpc_handler_failed","request_id":"6ea05f46-1b5e-40d9-991d-dd5e45cbf174","service":"grpc_server","timestamp":"2026-04-04T10:37:54.439Z","user_id":"a79a39e5-d70f-41ae-b7e6-36246a99172d"}
{"error":"Socket 'connect' timed out after 30001ms (connectTimeoutMS: 30000)","handler":"getUserTransactions","level":"error","message":"grpc_handler_failed","request_id":"aa149384-c4c1-45e0-b557-a4f834699b46","service":"grpc_server","timestamp":"2026-04-04T10:37:57.650Z","user_id":"a79a39e5-d70f-41ae-b7e6-36246a99172d"}
{"error":"Socket 'connect' timed out after 30001ms (connectTimeoutMS: 30000)","handler":"getUserWallets","level":"error","message":"grpc_handler_failed","request_id":"40c7c1c2-b439-42b9-afd3-f47c85c3902b","service":"grpc_server","timestamp":"2026-04-04T10:37:57.652Z","user_id":"a79a39e5-d70f-41ae-b7e6-36246a99172d"}
{"error":"Socket 'connect' timed out after 30001ms (connectTimeoutMS: 30000)","handler":"getUserWallets","level":"error","message":"grpc_handler_failed","request_id":"0aacfef5-5244-403a-b1fe-2b9f14b0eaea","service":"grpc_server","timestamp":"2026-04-04T10:37:57.655Z","user_id":"a79a39e5-d70f-41ae-b7e6-36246a99172d"}
{"error":"Socket 'connect' timed out after 30001ms (connectTimeoutMS: 30000)","handler":"getUserTransactions","level":"error","message":"grpc_handler_failed","request_id":"80a10b9a-bc5e-4387-8613-6c3284995394","service":"grpc_server","timestamp":"2026-04-04T10:37:57.656Z","user_id":"a79a39e5-d70f-41ae-b7e6-36246a99172d"}
{"level":"debug","message":"grpc_request_received","method":"/dashboard.DashboardService/GetUserWallets","request_id":"2f05dc9a-fc6f-4af0-8279-9710e8a68a7f","service":"grpc_server","timestamp":"2026-04-04T10:38:10.581Z","user_id":"a79a39e5-d70f-41ae-b7e6-36246a99172d"}
{"level":"debug","message":"grpc_request_received","method":"/dashboard.DashboardService/GetUserTransactions","request_id":"2c2b900e-2452-48c8-99e5-da5d7672e558","service":"grpc_server","timestamp":"2026-04-04T10:38:10.585Z","user_id":"a79a39e5-d70f-41ae-b7e6-36246a99172d"}
{"level":"debug","message":"grpc_request_received","method":"/dashboard.DashboardService/GetUserWallets","request_id":"6b84c828-313b-4891-ac8f-6b00c9452a6a","service":"grpc_server","timestamp":"2026-04-04T10:38:10.586Z","user_id":"a79a39e5-d70f-41ae-b7e6-36246a99172d"}
{"level":"debug","message":"grpc_request_received","method":"/dashboard.DashboardService/GetUserTransactions","request_id":"3930810b-e625-4b25-bcea-c9f223885e48","service":"grpc_server","timestamp":"2026-04-04T10:38:10.588Z","user_id":"a79a39e5-d70f-41ae-b7e6-36246a99172d"}
{"error":"Socket 'connect' timed out after 30000ms (connectTimeoutMS: 30000)","handler":"getUserWallets","level":"error","message":"grpc_handler_failed","request_id":"2f05dc9a-fc6f-4af0-8279-9710e8a68a7f","service":"grpc_server","timestamp":"2026-04-04T10:38:40.891Z","user_id":"a79a39e5-d70f-41ae-b7e6-36246a99172d"}
{"error":"Socket 'connect' timed out after 30314ms (connectTimeoutMS: 30000)","handler":"getUserTransactions","level":"error","message":"grpc_handler_failed","request_id":"2c2b900e-2452-48c8-99e5-da5d7672e558","service":"grpc_server","timestamp":"2026-04-04T10:38:40.929Z","user_id":"a79a39e5-d70f-41ae-b7e6-36246a99172d"}
{"error":"Socket 'connect' timed out after 30314ms (connectTimeoutMS: 30000)","handler":"getUserWallets","level":"error","message":"grpc_handler_failed","request_id":"6b84c828-313b-4891-ac8f-6b00c9452a6a","service":"grpc_server","timestamp":"2026-04-04T10:38:40.932Z","user_id":"a79a39e5-d70f-41ae-b7e6-36246a99172d"}
{"error":"Socket 'connect' timed out after 30314ms (connectTimeoutMS: 30000)","handler":"getUserTransactions","level":"error","message":"grpc_handler_failed","request_id":"3930810b-e625-4b25-bcea-c9f223885e48","service":"grpc_server","timestamp":"2026-04-04T10:38:40.934Z","user_id":"a79a39e5-d70f-41ae-b7e6-36246a99172d"}
{"error":"Connection closed: 320 (CONNECTION-FORCED) with message \"CONNECTION_FORCED - broker forced connection closure with reason 'shutdown'\"","level":"warn","message":"rabbitmq_disconnected","service":"rabbitmq","timestamp":"2026-04-04T10:41:02.519Z"}
{"level":"info","message":"shutdown_started","service":"main","timestamp":"2026-04-04T10:41:02.899Z"}
